"id","vhf_id","tipo_equipo","marca","modelo","numero_serie","tecnologia","activo_fijo","estado","created_at"
1,1,Main,R&S,SU4200,"107082",IP,S/ACTIVO,OK,2026-01-08 16:19:52.614
2,1,Standby,R&S,SU4200,"107117",IP,S/ACTIVO,OK,2026-01-08 16:19:53.638
3,1,Main,R&S,EU200,"100747",Analógico,S/ACTIVO,OK,2026-01-08 16:19:54.570
4,1,Standby,R&S,EU200,"100746",Analógico,S/ACTIVO,OK,2026-01-08 16:19:55.308
5,1,Main,R&S,SU4200,"107085",IP,S/ACTIVO,OK,2026-01-08 16:19:55.960
6,1,Standby,R&S,SU4200,"107102",IP,S/ACTIVO,OK,2026-01-08 16:19:56.753
7,1,Main,R&S,EU200,"100748",Analógico,S/ACTIVO,OK,2026-01-08 16:19:57.526
8,1,Standby,R&S,EU200,"100749",Analógico,S/ACTIVO,OK,2026-01-08 16:19:58.346
9,1,Main,R&S,SU200,"100636",Analógico,"19866",OK,2026-01-08 16:19:59.270
10,1,Standby,R&S,SU200,"100638",Analógico,"19867",OK,2026-01-08 16:20:00.007
11,1,Main,R&S,EU200,"100757",Analógico,S/ACTIVO,OK,2026-01-08 16:20:01.009
12,1,Standby,R&S,EU200,"100754",Analógico,S/ACTIVO,OK,2026-01-08 16:20:01.973
13,1,Main,R&S,SU200,"100621",Analógico,"19870",OK,2026-01-08 16:20:02.924
14,1,Standby,R&S,SU200,"100622",Analógico,"19871",OK,2026-01-08 16:20:03.770
15,1,Main,R&S,EU200,"100750",Analógico,S/ACTIVO,OK,2026-01-08 16:20:04.708
16,1,Standby,R&S,EU200,"100751",Analógico,S/ACTIVO,OK,2026-01-08 16:20:05.491
17,1,Main,R&S,SU200,"100627",Analógico,"19859",OK,2026-01-08 16:20:06.147
18,1,Standby,R&S,SU200,"100618",Analógico,"19860",OK,2026-01-08 16:20:06.805
19,1,Main,R&S,EU200,"100744",Analógico,S/ACTIVO,OK,2026-01-08 16:20:07.516
20,1,Standby,R&S,EU200,"100745",Analógico,S/ACTIVO,OK,2026-01-08 16:20:08.382
21,1,Main,R&S,SU200,"100624",Analógico,"19857",OK,2026-01-08 16:20:09.198
22,1,Standby,R&S,SU200,"100630",Analógico,"19858",OK,2026-01-08 16:20:09.935
23,1,Main,R&S,EU200,"100752",Analógico,S/ACTIVO,OK,2026-01-08 16:20:10.636
24,1,Standby,R&S,EU200,"100753",Analógico,S/ACTIVO,OK,2026-01-08 16:20:11.661
25,1,Main,R&S,SU200,"100619",Analógico,"19861",OK,2026-01-08 16:20:12.315
26,1,Standby,Sin Equipo,Sin Equipo,S/N,,,OK,2026-01-08 16:20:12.974
27,1,Main,R&S,EU200,"100755",Analógico,S/ACTIVO,OK,2026-01-08 16:20:13.634
28,1,Standby,Sin Equipo,Sin Equipo,S/N,,,OK,2026-01-08 16:20:14.315
29,1,Main,R&S,SU4200,"107071",IP,S/ACTIVO,OK,2026-01-08 16:20:15.030
30,1,Standby,R&S,SU4200,"107118",IP,S/ACTIVO,OK,2026-01-08 16:20:15.801
31,1,Main,R&S,EU200,"100742",Analógico,S/ACTIVO,OK,2026-01-08 16:20:16.648
32,1,Standby,R&S,EU200,"100743",Analógico,S/ACTIVO,OK,2026-01-08 16:20:17.498
33,1,Main,R&S,SU200,"100606",Analógico,"19869",OK,2026-01-08 16:20:18.314
34,1,Standby,R&S,SU200,"100612",Analógico,"19884",OK,2026-01-08 16:20:19.230
35,1,Main,R&S,EU200,"100741",Analógico,S/ACTIVO,OK,2026-01-08 16:20:20.152
36,1,Standby,R&S,EU200,"100740",Analógico,S/ACTIVO,OK,2026-01-08 16:20:20.982
37,1,Main,R&S,SU200,"100615",Analógico,"19864",OK,2026-01-08 16:20:22.103
38,1,Standby,R&S,SU200,"100610",Analógico,"19865",OK,2026-01-08 16:20:23.142
39,1,Main,R&S,EU200,"100728",Analógico,S/ACTIVO,OK,2026-01-08 16:20:24.039
40,1,Standby,R&S,EU200,"100729",Analógico,S/ACTIVO,OK,2026-01-08 16:20:24.879
41,1,Main,R&S,SU4200,"107099",IP,S/ACTIVO,OK,2026-01-08 16:20:25.664
42,1,Standby,R&S,SU4200,"107099",IP,S/ACTIVO,OK,2026-01-08 16:20:26.404
43,1,Main,R&S,EU200,"100735",Analógico,S/ACTIVO,OK,2026-01-08 16:20:27.174
44,1,Standby,R&S,EU200,"100734",Analógico,S/ACTIVO,OK,2026-01-08 16:20:27.855
45,1,Main,R&S,SU200,"100616",Analógico,"19881",OK,2026-01-08 16:20:28.691
46,1,Standby,R&S,SU200,"100614",Analógico,"19882",OK,2026-01-08 16:20:29.685
47,1,Main,R&S,EU200,"100730",Analógico,S/ACTIVO,OK,2026-01-08 16:20:30.699
48,1,Standby,R&S,EU200,"100731",Analógico,S/ACTIVO,OK,2026-01-08 16:20:31.517
49,1,Main,R&S,SU4200,"107089",IP,S/ACTIVO,OK,2026-01-08 16:20:32.318
50,1,Standby,R&S,SU4200,"107096",IP,S/ACTIVO,OK,2026-01-08 16:20:33.089
51,1,Main,R&S,EU200,"100738",Analógico,S/ACTIVO,OK,2026-01-08 16:20:33.817
52,1,Standby,R&S,EU200,"100739",Analógico,S/ACTIVO,OK,2026-01-08 16:20:34.474
53,2,Main,R&S,XU4200,"103184",Analógico,"13554",OK,2026-01-08 16:20:35.525
54,2,Standby,Sin Equipo,Sin Equipo,S/N,,,OK,2026-01-08 16:20:36.396
55,2,Main,R&S,XU4200,"103183",Analógico,"13553",OK,2026-01-08 16:20:37.263
56,2,Standby,Sin Equipo,Sin Equipo,S/N,,,OK,2026-01-08 16:20:38.275
57,2,Main,R&S,XU4200,"103186",Analógico,"13556",OK,2026-01-08 16:20:39.055
58,2,Standby,Sin Equipo,Sin Equipo,S/N,,,OK,2026-01-08 16:20:39.880
59,2,Main,R&S,XU4200,"103182",Analógico,"13557",OK,2026-01-08 16:20:40.907
60,2,Standby,Sin Equipo,Sin Equipo,S/N,,,OK,2026-01-08 16:20:42.034
61,2,Main,R&S,XU4200,"103194",Analógico,"13558",OK,2026-01-08 16:20:42.852
62,2,Standby,Sin Equipo,Sin Equipo,S/N,,,OK,2026-01-08 16:20:43.705
63,2,Main,R&S,XU4200,"103185",Analógico,"13555",OK,2026-01-08 16:20:44.525
64,2,Standby,Sin Equipo,Sin Equipo,S/N,,,OK,2026-01-08 16:20:45.270
65,2,Main,R&S,XU4200,"103187",Analógico,"13552",OK,2026-01-08 16:20:46.157
66,2,Standby,Sin Equipo,Sin Equipo,S/N,,,OK,2026-01-08 16:20:46.893
67,2,Main,R&S,"5200VX","100517",IP,"30829",OK,2026-01-08 16:20:47.809
68,2,Standby,Sin Equipo,Sin Equipo,S/N,,,OK,2026-01-08 16:20:48.627
69,2,Main,R&S,XU4200,"103103",IP,,OK,2026-01-08 16:20:49.444
70,2,Standby,R&S,XU4200,"103113",IP,,OK,2026-01-08 16:20:50.288
71,3,Main,R&S,XU4200,"102840",Analógico,"24192",OK,2026-01-08 16:20:51.268
72,3,Standby,Sin Equipo,Sin Equipo,S/N,,,OK,2026-01-08 16:20:52.105
73,3,Main,R&S,XU4200,"102831",Analógico,"24193",OK,2026-01-08 16:20:52.943
74,3,Standby,Sin Equipo,Sin Equipo,S/N,,,OK,2026-01-08 16:20:53.875
75,3,Main,Becker,TG-264,"697",Analógico,S/ACTIVO,OK,2026-01-08 16:20:54.926
76,3,Standby,Sin Equipo,Sin Equipo,S/N,,,OK,2026-01-08 16:20:55.836
77,3,Main,R&S,XU251,"849216/047",Analógico,,OK,2026-01-08 16:20:57.264
78,3,Standby,R&S,XU251,"849216/075",Analógico,,OK,2026-01-08 16:20:58.136
79,3,Main,R&S,XU4200,"103136",IP,,OK,2026-01-08 16:20:59.210
80,3,Standby,R&S,XU4200,"103135",IP,,OK,2026-01-08 16:20:59.896
81,4,Main,R&S,XU4200,"100207",Analógico,"13957",OK,2026-01-08 16:21:01.695
82,4,Standby,Sin Equipo,Sin Equipo,S/N,,,OK,2026-01-08 16:21:02.559
83,4,Main,R&S,XU4200,"100211",Analógico,"13958",OK,2026-01-08 16:21:03.302
84,4,Standby,Sin Equipo,Sin Equipo,S/N,,,OK,2026-01-08 16:21:04.099
85,4,Main,Becker,TG-264,"617",Analógico,"13953",OK,2026-01-08 16:21:05.823
86,4,Standby,Sin Equipo,Sin Equipo,S/N,,,OK,2026-01-08 16:21:06.589
87,5,Main,Becker,GS5910,"97",Analógico,S/ACTIVO,OK,2026-01-08 16:21:07.625
88,5,Standby,Sin Equipo,Sin Equipo,S/N,,,OK,2026-01-08 16:21:08.454
89,5,Main,Becker,GS5910,"74",Analógico,S/ACTIVO,OK,2026-01-08 16:21:09.295
90,5,Standby,Sin Equipo,Sin Equipo,S/N,,,OK,2026-01-08 16:21:10.134
91,5,Main,Becker,TG-264,"659",Analógico,S/ACTIVO,OK,2026-01-08 16:21:11.008
92,5,Standby,Sin Equipo,Sin Equipo,S/N,,,OK,2026-01-08 16:21:11.872
93,6,Main,R&S,XU4200,"102448",Analógico,"13274",OK,2026-01-08 16:21:12.997
94,6,Standby,Sin Equipo,Sin Equipo,S/N,,,OK,2026-01-08 16:21:14.024
95,6,Main,R&S,XU4200,"102454",Analógico,"13275",OK,2026-01-08 16:21:14.838
96,6,Standby,Sin Equipo,Sin Equipo,S/N,,,OK,2026-01-08 16:21:15.554
97,6,Main,Becker,TG-264,"631",Analógico,"13238",OK,2026-01-08 16:21:16.729
98,6,Standby,Sin Equipo,Sin Equipo,S/N,,,OK,2026-01-08 16:21:17.494
99,7,Main,R&S,XU4200,"102467",Analógico,"13360",OK,2026-01-08 16:21:18.830
100,7,Standby,Sin Equipo,Sin Equipo,S/N,,,OK,2026-01-08 16:21:20.380
101,7,Main,R&S,XU4200,"102449",Analógico,"13361",OK,2026-01-08 16:21:21.393
102,7,Standby,Sin Equipo,Sin Equipo,S/N,,,OK,2026-01-08 16:21:22.624
103,7,Main,Becker,TG-264,"635",Analógico,"13384",OK,2026-01-08 16:21:24.007
104,7,Standby,Sin Equipo,Sin Equipo,S/N,,,OK,2026-01-08 16:21:25.905
105,8,Main,R&S,SU200,"100586",Analógico,"13630",OK,2026-01-08 16:21:27.295
106,8,Standby,Sin Equipo,Sin Equipo,S/N,,,OK,2026-01-08 16:21:28.035
107,8,Main,R&S,EU200,"102179",Analógico,S/ACTIVO,OK,2026-01-08 16:21:28.862
108,8,Standby,Sin Equipo,Sin Equipo,S/N,,,OK,2026-01-08 16:21:29.609
109,8,Main,R&S,SU200,"100587",Analógico,"13631",OK,2026-01-08 16:21:30.418
110,8,Standby,Sin Equipo,Sin Equipo,S/N,,,OK,2026-01-08 16:21:31.305
111,8,Main,R&S,EU200,"102226",Analógico,S/ACTIVO,OK,2026-01-08 16:21:32.028
112,8,Standby,Sin Equipo,Sin Equipo,S/N,,,OK,2026-01-08 16:21:32.880
113,8,Main,R&S,SU200,"100594",Analógico,"13364",OK,2026-01-08 16:21:34.306
114,8,Standby,Sin Equipo,Sin Equipo,S/N,,,OK,2026-01-08 16:21:35.226
115,8,Main,R&S,EU200,"102257",Analógico,S/ACTIVO,OK,2026-01-08 16:21:36.056
116,8,Standby,Sin Equipo,Sin Equipo,S/N,,,OK,2026-01-08 16:21:36.859
117,8,Main,R&S,SU200,"100590",Analógico,"13632",OK,2026-01-08 16:21:37.589
118,8,Standby,Sin Equipo,Sin Equipo,S/N,,,OK,2026-01-08 16:21:38.535
119,8,Main,R&S,EU200,"102229",Analógico,S/ACTIVO,OK,2026-01-08 16:21:39.249
120,8,Standby,Sin Equipo,Sin Equipo,S/N,,,OK,2026-01-08 16:21:40.138
121,8,Main,R&S,SU200,"100591",Analógico,"13633",OK,2026-01-08 16:21:41.019
122,8,Standby,Sin Equipo,Sin Equipo,S/N,,,OK,2026-01-08 16:21:42.077
123,8,Main,R&S,EU200,"102232",Analógico,S/ACTIVO,OK,2026-01-08 16:21:43.306
124,8,Standby,Sin Equipo,Sin Equipo,S/N,,,OK,2026-01-08 16:21:44.547
125,8,Main,R&S,SU200,"100599",Analógico,"13635",OK,2026-01-08 16:21:45.309
126,8,Standby,Sin Equipo,Sin Equipo,S/N,,,OK,2026-01-08 16:21:46.273
127,9,Main,R&S,XU4200,"100101",Analógico,"13777",OK,2026-01-08 16:21:47.303
128,9,Standby,Sin Equipo,Sin Equipo,S/N,,,OK,2026-01-08 16:21:48.123
129,9,Main,R&S,XU4200,"100106",Analógico,"13778",OK,2026-01-08 16:21:49.244
130,9,Standby,Sin Equipo,Sin Equipo,S/N,,,OK,2026-01-08 16:21:50.171
131,9,Main,R&S,XU251,"849967/044",Analógico,"18962",OK,2026-01-08 16:21:51.186
132,9,Standby,Sin Equipo,Sin Equipo,S/N,,,OK,2026-01-08 16:21:52.212
133,9,Main,R&S,XU4200,"107079",IP,,OK,2026-01-08 16:21:52.923
134,9,Standby,R&S,XU4200,"107100",IP,,OK,2026-01-08 16:21:53.852
135,10,Main,Becker,VDR-TS4910,"414",Analógico,S/ACTIVO,OK,2026-01-08 16:21:54.979
136,10,Standby,Sin Equipo,Sin Equipo,S/N,,,OK,2026-01-08 16:21:55.810
137,10,Main,Becker,VDR-RS4910,"424",Analógico,S/ACTIVO,OK,2026-01-08 16:21:56.629
138,10,Standby,Sin Equipo,Sin Equipo,S/N,,,OK,2026-01-08 16:21:57.414
139,10,Main,Becker,VDR-TS4910,"415",Analógico,S/ACTIVO,OK,2026-01-08 16:21:58.251
140,10,Standby,Sin Equipo,Sin Equipo,S/N,,,OK,2026-01-08 16:21:59.187
141,10,Main,Becker,VDR-RS4910,"423",Analógico,S/ACTIVO,OK,2026-01-08 16:22:00.211
142,10,Standby,Sin Equipo,Sin Equipo,S/N,,,OK,2026-01-08 16:22:01.087
143,10,Main,Becker,VDR-TS4910,"416",Analógico,S/ACTIVO,OK,2026-01-08 16:22:01.874
144,10,Standby,Sin Equipo,Sin Equipo,S/N,,,OK,2026-01-08 16:22:02.683
145,10,Main,Becker,VDR-RS4910,"425",Analógico,S/ACTIVO,OK,2026-01-08 16:22:03.472
146,10,Standby,Sin Equipo,Sin Equipo,S/N,,,OK,2026-01-08 16:22:04.223
147,10,Main,Becker,TG-460,"476",Analógico,S/ACTIVO,OK,2026-01-08 16:22:05.426
148,11,Main,R&S,XU251,"849216/043",Analógico,,OK,2026-01-08 16:22:06.570
149,11,Standby,R&S,XU251,"849216/042",Analógico,,OK,2026-01-08 16:22:07.590
150,11,Main,R&S,XU4200,"103126",IP,,OK,2026-01-08 16:22:08.852
151,11,Standby,R&S,XU4200,"103122",IP,,OK,2026-01-08 16:22:09.744
152,12,Main,R&S,"5200VX","101079",IP,"30833",OK,2026-01-08 16:22:11.057
153,12,Standby,R&S,"5200VX","101090",IP,"30832",OK,2026-01-08 16:22:11.841
154,12,Main,R&S,"5200VX","101072",IP,"30828",OK,2026-01-08 16:22:12.591
155,12,Standby,R&S,"5200VX","101089",IP,"30837",OK,2026-01-08 16:22:13.346
156,13,Main,R&S,XU251,"849611/006",Analógico,,OK,2026-01-08 16:22:14.432
157,13,Standby,R&S,XU251,"849611/007",Analógico,,OK,2026-01-08 16:22:15.460
158,13,Main,R&S,XU4200,"103129",IP,,OK,2026-01-08 16:22:16.250
159,13,Standby,R&S,XU4200,"103134",IP,,OK,2026-01-08 16:22:17.295
160,14,Main,R&S,"5200VX","101091",IP,"30838",OK,2026-01-08 16:22:18.635
161,14,Standby,Sin Equipo,Sin Equipo,S/N,,,OK,2026-01-08 16:22:19.656
162,14,Main,R&S,XU4200,"103115",IP,,OK,2026-01-08 16:22:20.799
163,14,Standby,R&S,XU4200,"103128",IP,,OK,2026-01-08 16:22:21.806
164,15,Main,R&S,XU251,"849611/001",Analógico,,OK,2026-01-08 16:22:22.768
165,15,Standby,R&S,XU251,"849216/046",Analógico,,OK,2026-01-08 16:22:23.544
166,15,Main,R&S,XU4200,"103105",IP,,OK,2026-01-08 16:22:24.361
167,15,Standby,R&S,XU4200,"103112",IP,,OK,2026-01-08 16:22:25.081
168,16,Main,R&S,"5200VX","100513",IP,"30841",OK,2026-01-08 16:22:26.320
169,16,Standby,Sin Equipo,Sin Equipo,S/N,,,OK,2026-01-08 16:22:27.354
170,16,Main,R&S,XU4200,"103125",IP,,OK,2026-01-08 16:22:28.482
171,16,Standby,R&S,XU4200,"103114",IP,,OK,2026-01-08 16:22:29.489
172,17,Main,R&S,XU251,"849611/008",Analógico,,OK,2026-01-08 16:22:30.815
173,17,Standby,R&S,XU251,"849611/010",Analógico,,OK,2026-01-08 16:22:31.645
174,17,Main,R&S,XU4200,"103120",IP,,OK,2026-01-08 16:22:32.380
175,17,Standby,R&S,XU4200,"103124",IP,,OK,2026-01-08 16:22:33.248
176,18,Main,R&S,XU251,"849611/011",Analógico,,OK,2026-01-08 16:22:34.229
177,18,Standby,R&S,XU251,"849216/074",Analógico,,OK,2026-01-08 16:22:35.111
178,18,Main,R&S,XU4200,"103132",IP,,OK,2026-01-08 16:22:36.042
179,18,Standby,R&S,XU4200,"103116",IP,,OK,2026-01-08 16:22:36.955
180,19,Main,R&S,XU251,"834513/024",Analógico,,OK,2026-01-08 16:22:38.189
181,19,Standby,R&S,XU251,"834513/025",Analógico,,OK,2026-01-08 16:22:38.917
182,19,Main,R&S,XU4200,"103117",IP,,OK,2026-01-08 16:22:39.728
183,19,Standby,R&S,XU4200,"1033106",IP,,OK,2026-01-08 16:22:40.751
184,20,Main,Sin Equipo,Sin Equipo,S/N,,,OK,2026-01-08 16:22:41.994
185,20,Standby,Sin Equipo,Sin Equipo,S/N,,,OK,2026-01-08 16:22:42.804
186,20,Main,R&S,"5200VX","101099",IP,"30839",OK,2026-01-08 16:22:43.728
187,20,Standby,R&S,"5200VX","101081",IP,"30843",OK,2026-01-08 16:22:44.848
188,21,Main,R&S,XU251,"849216/077",Analógico,,OK,2026-01-08 16:22:46.206
189,21,Standby,R&S,XU251,"849216/044",Analógico,,OK,2026-01-08 16:22:47.211
190,21,Main,R&S,XU4200,"103127",IP,,OK,2026-01-08 16:22:48.334
191,21,Standby,R&S,XU4200,"103111",IP,,OK,2026-01-08 16:22:49.250
192,22,Main,R&S,EU200,S/N,Analógico,,OK,2026-01-08 16:22:50.521
193,22,Standby,Sin Equipo,Sin Equipo,S/N,,,OK,2026-01-08 16:22:51.411
194,22,Main,R&S,SU200,S/N,Analógico,,OK,2026-01-08 16:22:52.427
195,22,Standby,Sin Equipo,Sin Equipo,S/N,,,OK,2026-01-08 16:22:53.344
196,22,Main,R&S,EU200,S/N,Analógico,,OK,2026-01-08 16:22:54.385
197,22,Standby,Sin Equipo,Sin Equipo,S/N,,,OK,2026-01-08 16:22:55.290
198,22,Main,R&S,SU200,S/N,Analógico,,OK,2026-01-08 16:22:56.633
199,22,Standby,Sin Equipo,Sin Equipo,S/N,,,OK,2026-01-08 16:22:57.557
200,22,Main,R&S,XU4200,S/N,Analógico,,OK,2026-01-08 16:22:59.285
201,22,Standby,Sin Equipo,Sin Equipo,S/N,,,OK,2026-01-08 16:23:00.101
202,22,Main,R&S,EU200,S/N,Analógico,,OK,2026-01-08 16:23:01.837
203,22,Standby,Sin Equipo,Sin Equipo,S/N,,,OK,2026-01-08 16:23:02.707
204,22,Main,R&S,SU200,S/N,Analógico,,OK,2026-01-08 16:23:03.620
205,22,Standby,Sin Equipo,Sin Equipo,S/N,,,OK,2026-01-08 16:23:04.509
206,22,Main,R&S,XU4200,S/N,IP,,OK,2026-01-08 16:23:05.283
207,22,Standby,Sin Equipo,Sin Equipo,S/N,,,OK,2026-01-08 16:23:06.046
208,22,Main,R&S,EU200,S/N,Analógico,,OK,2026-01-08 16:23:06.861
209,22,Standby,Sin Equipo,Sin Equipo,S/N,,,OK,2026-01-08 16:23:07.690
210,22,Main,R&S,SU200,S/N,Analógico,,OK,2026-01-08 16:23:08.508
211,22,Standby,Sin Equipo,Sin Equipo,S/N,,,OK,2026-01-08 16:23:09.323
212,22,Main,R&S,XU4200,S/N,IP,,OK,2026-01-08 16:23:10.229
213,22,Standby,Sin Equipo,Sin Equipo,S/N,,,OK,2026-01-08 16:23:10.938
214,23,Main,R&S,XU251,S/N,Analógico,,OK,2026-01-08 16:23:12.111
215,23,Standby,Sin Equipo,Sin Equipo,S/N,,,OK,2026-01-08 16:23:12.907
216,23,Main,R&S,XU251,S/N,Analógico,,OK,2026-01-08 16:23:13.826
217,23,Standby,Sin Equipo,Sin Equipo,S/N,,,OK,2026-01-08 16:23:14.801
218,23,Main,Becker,TG-264,S/N,Analógico,,OK,2026-01-08 16:23:15.528
219,23,Standby,Sin Equipo,Sin Equipo,S/N,,,OK,2026-01-08 16:23:16.755
220,23,Main,R&S,XU4200,S/N,IP,,OK,2026-01-08 16:23:17.465
221,23,Standby,Sin Equipo,Sin Equipo,S/N,,,OK,2026-01-08 16:23:18.315
222,23,Main,R&S,XU4200,S/N,IP,,OK,2026-01-08 16:23:19.147
223,23,Standby,Sin Equipo,Sin Equipo,S/N,,,OK,2026-01-08 16:23:19.973
224,24,Main,R&S,EU200,S/N,Analógico,,OK,2026-01-08 16:23:21.072
225,24,Standby,Sin Equipo,Sin Equipo,S/N,,,OK,2026-01-08 16:23:22.017
226,24,Main,R&S,SU200,S/N,Analógico,,OK,2026-01-08 16:23:22.811
227,24,Standby,Sin Equipo,Sin Equipo,S/N,,,OK,2026-01-08 16:23:24.082
228,24,Main,R&S,EU200,S/N,Analógico,,OK,2026-01-08 16:23:24.898
229,24,Standby,Sin Equipo,Sin Equipo,S/N,,,OK,2026-01-08 16:23:25.705
230,24,Main,R&S,SU200,S/N,Analógico,,OK,2026-01-08 16:23:26.580
231,24,Standby,Sin Equipo,Sin Equipo,S/N,,,OK,2026-01-08 16:23:27.322
232,24,Main,ICOM ,ic,S/N,Analógico,,OK,2026-01-08 16:23:28.369
233,24,Standby,Sin Equipo,Sin Equipo,S/N,,,OK,2026-01-08 16:23:29.307
234,24,Main,R&S,EU200,S/N,Analógico,,OK,2026-01-08 16:23:30.157
235,24,Standby,Sin Equipo,Sin Equipo,S/N,,,OK,2026-01-08 16:23:30.926
236,24,Main,R&S,SU200,S/N,Analógico,,OK,2026-01-08 16:23:31.846
237,24,Standby,Sin Equipo,Sin Equipo,S/N,,,OK,2026-01-08 16:23:32.580
238,24,Main,R&S,XU4200,S/N,IP,,OK,2026-01-08 16:23:33.289
239,24,Standby,R&S,XU4200,S/N,IP,,OK,2026-01-08 16:23:34.000
240,25,Main,R&S,XU4200,S/N,Analógico,,OK,2026-01-08 16:23:35.125
241,25,Standby,Sin Equipo,Sin Equipo,S/N,,,OK,2026-01-08 16:23:35.944
242,25,Main,R&S,XU4200,S/N,Analógico,,OK,2026-01-08 16:23:36.880
243,25,Standby,Sin Equipo,Sin Equipo,S/N,,,OK,2026-01-08 16:23:37.723
244,25,Main,R&S,XU4200,S/N,Analógico,,OK,2026-01-08 16:23:38.708
245,25,Standby,Sin Equipo,Sin Equipo,S/N,,,OK,2026-01-08 16:23:39.635
246,25,Main,R&S,SU4200,S/N,Analógico,,OK,2026-01-08 16:23:40.443
247,25,Standby,Sin Equipo,Sin Equipo,S/N,,,OK,2026-01-08 16:23:41.372
248,25,Main,R&S,XU251,S/N,Analógico,,OK,2026-01-08 16:23:42.194
249,25,Standby,R&S,XU251,S/N,Analógico,,OK,2026-01-08 16:23:43.007
250,25,Main,R&S,XU4200,S/N,IP,,OK,2026-01-08 16:23:43.846
251,25,Standby,R&S,XU4200,S/N,IP,,OK,2026-01-08 16:23:44.763
252,26,Main,R&S,XU4200,S/N,Analógico,,OK,2026-01-08 16:23:45.787
253,26,Standby,Sin Equipo,Sin Equipo,S/N,,,OK,2026-01-08 16:23:46.596
254,26,Main,R&S,XU4200,S/N,Analógico,,OK,2026-01-08 16:23:47.492
255,26,Standby,Sin Equipo,Sin Equipo,S/N,,,OK,2026-01-08 16:23:48.154
256,26,Main,R&S,XU4200,S/N,Analógico,,OK,2026-01-08 16:23:49.052
257,26,Standby,Sin Equipo,Sin Equipo,S/N,,,OK,2026-01-08 16:23:49.886
258,26,Main,R&S,XU4200,S/N,Analógico,,OK,2026-01-08 16:23:50.700
259,26,Standby,Sin Equipo,Sin Equipo,S/N,,,OK,2026-01-08 16:23:51.713
260,26,Main,R&S,XU4200,S/N,Analógico,,OK,2026-01-08 16:23:52.639
261,26,Standby,Sin Equipo,Sin Equipo,S/N,,,OK,2026-01-08 16:23:53.556
262,26,Main,R&S,XU4200,S/N,Analógico,,OK,2026-01-08 16:23:54.386
263,26,Standby,Sin Equipo,Sin Equipo,S/N,,,OK,2026-01-08 16:23:55.296
264,26,Main,R&S,XU4200,S/N,IP,,OK,2026-01-08 16:23:56.214
265,26,Standby,Sin Equipo,Sin Equipo,S/N,,,OK,2026-01-08 16:23:56.941
266,26,Main,R&S,XU4200,S/N,IP,,OK,2026-01-08 16:23:57.762
267,26,Standby,Sin Equipo,Sin Equipo,S/N,,,OK,2026-01-08 16:23:59.111
268,27,Main,R&S,EU200,S/N,Analógico,,OK,2026-01-08 16:24:00.314
269,27,Standby,Sin Equipo,Sin Equipo,S/N,,,OK,2026-01-08 16:24:01.134
270,27,Main,R&S,SU200,S/N,Analógico,,OK,2026-01-08 16:24:01.901
271,27,Standby,Sin Equipo,Sin Equipo,S/N,,,OK,2026-01-08 16:24:02.714
272,27,Main,R&S,EU200,S/N,Analógico,,OK,2026-01-08 16:24:03.592
273,27,Standby,Sin Equipo,Sin Equipo,S/N,,,OK,2026-01-08 16:24:04.424
274,27,Main,R&S,SU200,S/N,Analógico,,OK,2026-01-08 16:24:05.337
275,27,Standby,Sin Equipo,Sin Equipo,S/N,,,OK,2026-01-08 16:24:06.250
276,27,Main,ICOM ,ic,S/N,Analógico,,OK,2026-01-08 16:24:07.177
277,27,Standby,Sin Equipo,Sin Equipo,S/N,,,OK,2026-01-08 16:24:08.053
278,27,Main,R&S,XU4200,S/N,IP,,OK,2026-01-08 16:24:08.945
279,27,Standby,Sin Equipo,Sin Equipo,S/N,,,OK,2026-01-08 16:24:09.875
280,27,Main,R&S,XU4200,S/N,IP,,OK,2026-01-08 16:24:10.917
281,27,Standby,Sin Equipo,Sin Equipo,S/N,,,OK,2026-01-08 16:24:11.780
282,28,Main,R&S,XU4200,S/N,Analógico,,OK,2026-01-08 16:24:12.894
283,28,Standby,Sin Equipo,Sin Equipo,S/N,,,OK,2026-01-08 16:24:13.836
284,28,Main,R&S,XU4200,S/N,Analógico,,OK,2026-01-08 16:24:14.745
285,28,Standby,Sin Equipo,Sin Equipo,S/N,,,OK,2026-01-08 16:24:15.667
286,28,Main,R&S,XU4200,S/N,Analógico,,OK,2026-01-08 16:24:16.595
287,28,Standby,Sin Equipo,Sin Equipo,S/N,,,OK,2026-01-08 16:24:17.410
288,28,Main,R&S,SU200,S/N,Analógico,,OK,2026-01-08 16:24:18.373
289,28,Standby,Sin Equipo,Sin Equipo,S/N,,,OK,2026-01-08 16:24:19.153
290,29,Main,R&S,XU4200,S/N,IP,,OK,2026-01-08 16:24:20.181
291,29,Standby,Sin Equipo,Sin Equipo,S/N,,,OK,2026-01-08 16:24:21.008
292,30,Main,R&S,XU4200,S/N,Analógico,,OK,2026-01-08 16:24:22.152
293,30,Standby,Sin Equipo,Sin Equipo,S/N,,,OK,2026-01-08 16:24:23.154
294,30,Main,R&S,XU4200,S/N,Analógico,,OK,2026-01-08 16:24:23.904
295,30,Standby,Sin Equipo,Sin Equipo,S/N,,,OK,2026-01-08 16:24:24.801
296,30,Main,R&S,XU4200,S/N,Analógico,,OK,2026-01-08 16:24:25.710
297,30,Standby,Sin Equipo,Sin Equipo,S/N,,,OK,2026-01-08 16:24:26.536
298,30,Main,R&S,XU4200,S/N,Analógico,,OK,2026-01-08 16:24:27.250
299,30,Standby,Sin Equipo,Sin Equipo,S/N,,,OK,2026-01-08 16:24:27.911
300,30,Main,Sin Equipo,Sin Equipo,S/N,,,OK,2026-01-08 16:24:28.943
301,30,Standby,Sin Equipo,Sin Equipo,S/N,,,OK,2026-01-08 16:24:29.804
302,30,Main,R&S,XU4200,S/N,Analógico,,OK,2026-01-08 16:24:30.621
303,30,Standby,Sin Equipo,Sin Equipo,S/N,,,OK,2026-01-08 16:24:31.543
304,31,Main,R&S,EU200,S/N,Analógico,,OK,2026-01-08 16:24:32.779
305,31,Standby,Sin Equipo,Sin Equipo,S/N,,,OK,2026-01-08 16:24:33.904
306,31,Main,R&S,SU200,S/N,Analógico,,OK,2026-01-08 16:24:34.720
307,31,Standby,Sin Equipo,Sin Equipo,S/N,,,OK,2026-01-08 16:24:35.495
308,31,Main,R&S,EU200,S/N,Analógico,,OK,2026-01-08 16:24:36.356
309,31,Standby,Sin Equipo,Sin Equipo,S/N,,,OK,2026-01-08 16:24:37.194
310,31,Main,R&S,SU200,S/N,Analógico,,OK,2026-01-08 16:24:37.995
311,31,Standby,Sin Equipo,Sin Equipo,S/N,,,OK,2026-01-08 16:24:38.912
312,31,Main,ICOM ,ic,S/N,Analógico,,OK,2026-01-08 16:24:39.738
313,31,Standby,Sin Equipo,Sin Equipo,S/N,,,OK,2026-01-08 16:24:40.557
314,31,Main,R&S,XU4200,S/N,IP,,OK,2026-01-08 16:24:41.394
315,31,Standby,Sin Equipo,Sin Equipo,S/N,,,OK,2026-01-08 16:24:42.499
316,31,Main,R&S,XU4200,S/N,IP,,OK,2026-01-08 16:24:43.457
317,31,Standby,Sin Equipo,Sin Equipo,S/N,,,OK,2026-01-08 16:24:44.255
318,32,Main,R&S,XU4200,S/N,IP,,OK,2026-01-08 16:24:45.292
319,32,Standby,Sin Equipo,Sin Equipo,S/N,,,OK,2026-01-08 16:24:46.088
320,32,Main,R&S,XU4200,S/N,IP,,OK,2026-01-08 16:24:46.965
321,32,Standby,Sin Equipo,Sin Equipo,S/N,,,OK,2026-01-08 16:24:47.841
322,33,Main,R&S,XU4200,S/N,IP,,OK,2026-01-08 16:24:49.418
323,33,Standby,Sin Equipo,Sin Equipo,S/N,,,OK,2026-01-08 16:24:50.295
324,33,Main,R&S,XU4200,S/N,IP,,OK,2026-01-08 16:24:51.159
325,33,Standby,Sin Equipo,Sin Equipo,S/N,,,OK,2026-01-08 16:24:52.037
326,34,Main,R&S,XU4200,S/N,IP,,OK,2026-01-08 16:24:53.165
327,34,Standby,Sin Equipo,Sin Equipo,S/N,,,OK,2026-01-08 16:24:54.206
328,34,Main,R&S,XU4200,S/N,IP,,OK,2026-01-08 16:24:55.097
329,34,Standby,Sin Equipo,Sin Equipo,S/N,,,OK,2026-01-08 16:24:55.918
330,35,Main,R&S,XU251,TX 849611/042 RX 849925/025,Analógico,TX 16596 RX 16613,OK,2026-01-08 16:24:57.174
331,35,Standby,R&S,XU251,TX 849611/045 RX 849925/024,Analógico,TX 16597 RX 16614,OK,2026-01-08 16:24:58.131
332,35,Main,R&S,XU251,TX 849611/044 RX 849925/026,Analógico,TX 16594 RX 16611,OK,2026-01-08 16:24:58.890
333,35,Standby,R&S,XU251,TX 849611/043 RX 849925/027,Analógico,TX 16595 RX 16612,OK,2026-01-08 16:24:59.822
334,35,Main,R&S,XU251,TX 849611/055 RX 849925/028,Analógico,TX 16598 RX 16615,OK,2026-01-08 16:25:00.731
335,35,Standby,R&S,XU251,TX 849611/046 RX 849925/029,Analógico,TX 16599 RX 16616,OK,2026-01-08 16:25:01.564
336,35,Main,Philips,RZ590,TX 9551 325 90000 S 1273,Analógico,TX ----------------,OK,2026-01-08 16:25:02.483
337,35,Standby,Philips,RZ590,TX 3522 153 05700 S 1272,Analógico,TX ----------------,OK,2026-01-08 16:25:03.397
338,35,Main,R&S,XU251,TX 849611/048 RX 849502/029,Analógico,TX 16600 RX 16617,OK,2026-01-08 16:25:04.221
339,35,Standby,R&S,XU251,TX 849611/052 RX 849502/030,Analógico,TX 16601 RX 16618,OK,2026-01-08 16:25:05.563
340,35,Main,R&S,XU251,TX 849611/054 RX 849502/031,Analógico,TX 16578 RX 16605,OK,2026-01-08 16:25:06.275
341,35,Standby,R&S,XU251,TX 849611/053 RX 849502/032,Analógico,TX 16579 RX 16606,OK,2026-01-08 16:25:07.152
342,35,Main,R&S,XU251,TX 849611/041 RX 849925/031,Analógico,TX 16582 RX 16603,OK,2026-01-08 16:25:07.933
343,35,Standby,R&S,XU251,TX 849611/051 RX 849925/030,Analógico,TX 16577 RX 16604,OK,2026-01-08 16:25:08.825
344,35,Main,R&S,XU251,TX 849611/047 RX 849502/034,Analógico,TX 16576 RX 16609,OK,2026-01-08 16:25:09.646
345,35,Standby,R&S,XU251,TX 849611/056 RX 849502/033,Analógico,TX 16583 RX 16610,OK,2026-01-08 16:25:10.495
346,35,Main,R&S,XU251,TX 849611/050 RX 845979/115,Analógico,x,OK,2026-01-08 16:25:11.249
347,35,Standby,R&S,XU251,TX 849611/049 RX --------------,Analógico,TX 16581 RX 16608,OK,2026-01-08 16:25:12.301
349,35,Standby,R&S,XU4200,RTX 103104,IP,RTX 16235,OK,2026-01-08 16:25:14.042
350,36,Main,Becker,TG-264,RTX 616,Analógico,RTX ----------------,OK,2026-01-08 16:25:15.182
351,36,Standby,Sin Equipo,Sin Equipo,S/N,,,OK,2026-01-08 16:25:15.960
352,36,Main,Becker,TG-264,RTX 614,Analógico,RTX 18149,OK,2026-01-08 16:25:16.806
353,36,Standby,Sin Equipo,Sin Equipo,S/N,,,OK,2026-01-08 16:25:17.773
354,36,Main,Motorola,DEM 300,TX 13316 RX 12829,Analógico,TX 23773 RX 23773,OK,2026-01-08 16:25:18.665
355,36,Standby,Sin Equipo,Sin Equipo,S/N,,,OK,2026-01-08 16:25:19.600
356,36,Main,R&S,XU251,RTX 834513/021,Analógico,RTX 13185,OK,2026-01-08 16:25:20.597
357,36,Standby,R&S,XU251,RTX 838807/001,Analógico,RTX 13186,OK,2026-01-08 16:25:21.518
358,36,Main,R&S,XU4200,RTX 103123,IP,RTX 13187,OK,2026-01-08 16:25:22.554
359,36,Standby,R&S,XU4200,RTX 103102,IP,RTX 13188,OK,2026-01-08 16:25:23.495
360,37,Main,R&S,XU4200,RTX 102833,Analógico,RTX 23780,OK,2026-01-08 16:25:24.593
361,37,Standby,Sin Equipo,Sin Equipo,S/N,,,OK,2026-01-08 16:25:25.523
362,37,Main,R&S,XU4200,RTX 102837,Analógico,RTX 23779,OK,2026-01-08 16:25:26.339
363,37,Standby,Sin Equipo,Sin Equipo,S/N,,,OK,2026-01-08 16:25:27.154
364,37,Main,R&S,XU4200,RTX 102824,Analógico,RTX 23781,OK,2026-01-08 16:25:27.975
365,37,Standby,Sin Equipo,Sin Equipo,S/N,,,OK,2026-01-08 16:25:28.899
366,37,Main,R&S,XU251,RTX 849611/021,Analógico,RTX 23796,OK,2026-01-08 16:25:29.634
367,37,Standby,R&S,XU251,RTX 834513/020,Analógico,RTX 23797,OK,2026-01-08 16:25:30.527
368,37,Main,R&S,XU4200,RTX 103130,IP,RTX 23800,OK,2026-01-08 16:25:31.347
369,37,Standby,R&S,XU4200,RTX 103107,IP,RTX 23801,OK,2026-01-08 16:25:32.275
370,38,Main,R&S,XU4200,RTX 100212,Analógico,RTX 13034,OK,2026-01-08 16:25:33.596
371,38,Standby,Sin Equipo,Sin Equipo,S/N,,,OK,2026-01-08 16:25:34.565
372,38,Main,R&S,XU4200,RTX 102836,Analógico,RTX 13034,OK,2026-01-08 16:25:35.348
373,38,Standby,Sin Equipo,Sin Equipo,S/N,,,OK,2026-01-08 16:25:36.122
374,38,Main,Becker,TG-264,RTX 618,Analógico,RTX 13057,OK,2026-01-08 16:25:36.937
375,38,Standby,Sin Equipo,Sin Equipo,S/N,,,OK,2026-01-08 16:25:37.844
376,39,Main,R&S,XU4200,RTX 100203,Analógico,RTX 16118,OK,2026-01-08 16:25:39.133
377,39,Standby,Sin Equipo,Sin Equipo,S/N,,,OK,2026-01-08 16:25:40.129
378,39,Main,R&S,XU4200,RTX 100116,Analógico,RTX 16119,OK,2026-01-08 16:25:41.094
379,39,Standby,Sin Equipo,Sin Equipo,S/N,,,OK,2026-01-08 16:25:42.001
380,39,Main,Becker,TG-264,RTX ----------------,Analógico,RTX ----------------,OK,2026-01-08 16:25:43.023
381,39,Standby,Sin Equipo,Sin Equipo,S/N,,,OK,2026-01-08 16:25:43.863
382,40,Main,Becker,TG-264,RTX 716,Analógico,RTX ----------------,OK,2026-01-08 16:25:44.978
383,40,Standby,Sin Equipo,Sin Equipo,S/N,,,OK,2026-01-08 16:25:45.813
384,40,Main,Becker,TG-264,RTX 713,Analógico,RTX 16607,OK,2026-01-08 16:25:46.708
385,40,Standby,Sin Equipo,Sin Equipo,S/N,,,OK,2026-01-08 16:25:47.535
386,40,Main,Becker,TG-264,RTX 697,Analógico,RTX 16208,OK,2026-01-08 16:25:48.885
387,40,Standby,Sin Equipo,Sin Equipo,S/N,,,OK,2026-01-08 16:25:49.926
388,40,Main,R&S,XU251,RTX 834513/023,Analógico,RTX ----------------,OK,2026-01-08 16:25:51.140
392,41,Main,R&S,XU251,RTX ----------------,Analógico,RTX ----------------,OK,2026-01-08 16:25:55.106
393,41,Standby,R&S,XU251,RTX ----------------,Analógico,RTX ----------------,OK,2026-01-08 16:25:56.025
394,41,Main,R&S,XU4200,RTX 103118,IP,RTX ----------------,OK,2026-01-08 16:25:56.843
395,41,Standby,R&S,XU4200,RTX 103119,IP,RTX ----------------,OK,2026-01-08 16:25:57.597
396,42,Main,R&S,XU4200,S/N,IP,,OK,2026-01-08 16:25:58.796
397,42,Standby,R&S,XU4200,S/N,IP,,OK,2026-01-08 16:25:59.610
398,42,Main,R&S,XU4200,S/N,IP,,OK,2026-01-08 16:26:00.476
399,42,Standby,R&S,XU4200,S/N,IP,,OK,2026-01-08 16:26:01.475
400,43,Main,R&S,XU251,"100027",Analógico,"18230",OK,2026-01-08 16:26:02.791
401,43,Standby,Sin Equipo,Sin Equipo,S/N,,,OK,2026-01-08 16:26:03.707
402,43,Main,R&S,XU251,"100020",Analógico,"18236",OK,2026-01-08 16:26:04.627
403,43,Standby,Sin Equipo,Sin Equipo,S/N,,,OK,2026-01-08 16:26:05.418
404,43,Main,R&S,XU251,S/N,Analógico,S/N,OK,2026-01-08 16:26:06.165
405,43,Standby,Sin Equipo,Sin Equipo,S/N,,,OK,2026-01-08 16:26:06.921
406,43,Main,R&S,XU251,"100025",Analógico,"18234",OK,2026-01-08 16:26:07.760
407,43,Standby,Sin Equipo,Sin Equipo,S/N,,,OK,2026-01-08 16:26:08.544
408,43,Main,R&S,XU251,"84997/042",Analógico,S/N,OK,2026-01-08 16:26:09.384
409,43,Standby,Sin Equipo,Sin Equipo,S/N,,,OK,2026-01-08 16:26:10.151
410,43,Main,R&S,XU251,"829155/042",Analógico,S/N,OK,2026-01-08 16:26:10.951
411,43,Standby,Sin Equipo,Sin Equipo,S/N,,,OK,2026-01-08 16:26:11.659
412,43,Main,R&S,SU200,"100024",Analógico,"18231",OK,2026-01-08 16:26:12.541
413,43,Standby,Sin Equipo,Sin Equipo,S/N,,,OK,2026-01-08 16:26:13.329
414,43,Main,R&S,XU251,"100022",Analógico,"18233",OK,2026-01-08 16:26:14.255
415,43,Standby,R&S,XU251,"100023",Analógico,"18232",OK,2026-01-08 16:26:15.180
416,43,Main,R&S,XU4200,"105479",IP,S/N,OK,2026-01-08 16:26:15.998
417,43,Standby,R&S,XU4200,"105475",IP,,OK,2026-01-08 16:26:16.740
418,44,Main,R&S,XU4200,"100095",Analógico,"18670",OK,2026-01-08 16:26:17.734
419,44,Standby,Sin Equipo,Sin Equipo,S/N,,,OK,2026-01-08 16:26:18.574
420,44,Main,R&S,XU4200,"100093",Analógico,"18671",OK,2026-01-08 16:26:19.369
421,44,Standby,Sin Equipo,Sin Equipo,S/N,,,OK,2026-01-08 16:26:20.392
422,44,Main,Becker,TG-264,"640",Analógico,"18665",OK,2026-01-08 16:26:21.229
423,44,Standby,Sin Equipo,Sin Equipo,S/N,,,OK,2026-01-08 16:26:22.340
424,44,Main,R&S,XU251,"849611/023",Analógico,S/N,OK,2026-01-08 16:26:23.165
425,44,Standby,R&S,XU251,"849216/053",Analógico,S/N,OK,2026-01-08 16:26:24.087
426,44,Main,R&S,XU4200,"105478",IP,,OK,2026-01-08 16:26:25.001
427,44,Standby,R&S,XU4200,"105482",IP,,OK,2026-01-08 16:26:25.896
428,45,Main,R&S,XU4200,"103098",Analógico,,OK,2026-01-08 16:26:27.774
429,45,Standby,Sin Equipo,Sin Equipo,S/N,,,OK,2026-01-08 16:26:29.842
430,45,Main,R&S,XU4200,"103099",Analógico,"18806",OK,2026-01-08 16:26:31.076
431,45,Standby,Sin Equipo,Sin Equipo,S/N,,,OK,2026-01-08 16:26:32.582
432,45,Main,R&S,XU4200,"103101",Analógico,"18807",OK,2026-01-08 16:26:33.553
433,45,Standby,Sin Equipo,Sin Equipo,S/N,,,OK,2026-01-08 16:26:34.788
434,45,Main,R&S,XU4200,"103042",Analógico,"18809",OK,2026-01-08 16:26:35.839
435,45,Standby,Sin Equipo,Sin Equipo,S/N,,,OK,2026-01-08 16:26:36.861
436,45,Main,Becker,TG-264,S/N,Analógico,"18151",OK,2026-01-08 16:26:37.869
437,45,Standby,R&S,XU4200,"103100",Analógico,"18808",OK,2026-01-08 16:26:38.948
438,45,Main,R&S,XU251,"849216/017",Analógico,,OK,2026-01-08 16:26:40.327
439,45,Standby,R&S,XU251,"100026",Analógico,"18235",OK,2026-01-08 16:26:41.414
440,45,Main,R&S,XU4200,"105477",IP,,OK,2026-01-08 16:26:42.215
441,45,Standby,R&S,XU4200,"105484",IP,,OK,2026-01-08 16:26:43.145
442,46,Main,R&S,XU4200,"100099",Analógico,,OK,2026-01-08 16:26:44.264
443,46,Standby,Sin Equipo,Sin Equipo,S/N,,,OK,2026-01-08 16:26:44.997
444,46,Main,R&S,XU4200,"100109",Analógico,"18748",OK,2026-01-08 16:26:45.738
445,46,Standby,Sin Equipo,Sin Equipo,S/N,,,OK,2026-01-08 16:26:46.404
446,46,Main,Becker,TG-264,S/N,Analógico,"18755",OK,2026-01-08 16:26:47.293
447,46,Standby,Sin Equipo,Sin Equipo,S/N,,,OK,2026-01-08 16:26:48.144
448,46,Main,R&S,XU251,"849611/018",Analógico,,OK,2026-01-08 16:26:48.773
449,46,Standby,R&S,XU251,"849611/019",Analógico,,OK,2026-01-08 16:26:49.486
450,46,Main,R&S,XU4200,"105490",IP,,OK,2026-01-08 16:26:50.197
451,46,Standby,R&S,XU4200,"105476",IP,,OK,2026-01-08 16:26:51.116
452,47,Main,R&S,XU251,"834513/018",Analógico,"23199",OK,2026-01-08 16:26:52.237
453,47,Standby,Sin Equipo,Sin Equipo,S/N,,,OK,2026-01-08 16:26:52.956
454,47,Main,R&S,XU251,"849216/012",Analógico,S/N,OK,2026-01-08 16:26:53.879
455,47,Standby,Sin Equipo,Sin Equipo,S/N,,,OK,2026-01-08 16:26:54.718
391,40,Standby,R&S,XU4200,RTX 193109,IP,RTX ----------------,NOVEDAD,2026-01-08 16:25:53.911
389,40,Standby,R&S,XU251,RTX 834513/022,Analógico,RTX ----------------,OK,2026-01-08 16:25:52.076
456,47,Main,Becker,TG-264,S/N,Analógico,"18151",OK,2026-01-08 16:26:55.620
457,47,Standby,Sin Equipo,Sin Equipo,S/N,,,OK,2026-01-08 16:26:56.440
458,47,Main,R&S,XU251,"849611/003",Analógico,"16049",OK,2026-01-08 16:26:57.165
459,47,Standby,Sin Equipo,Sin Equipo,S/N,,,OK,2026-01-08 16:26:58.098
460,47,Main,R&S,XU251,"849611/016",Analógico,S/N,OK,2026-01-08 16:26:58.810
461,47,Standby,R&S,XU251,"849216/052",Analógico,S/N,OK,2026-01-08 16:26:59.617
462,47,Main,R&S,XU4200,"105486",IP,,OK,2026-01-08 16:27:00.456
463,47,Standby,R&S,XU4200,"105487",IP,,OK,2026-01-08 16:27:01.252
464,48,Main,R&S,XU4200,"102823",Analógico,"22944",OK,2026-01-08 16:27:02.286
465,48,Standby,Becker,TG-264,"619",Analógico,,OK,2026-01-08 16:27:03.400
466,48,Main,R&S,XU4200,"102825",Analógico,"22943",OK,2026-01-08 16:27:04.322
467,48,Standby,Sin Equipo,Sin Equipo,S/N,,,OK,2026-01-08 16:27:05.552
468,48,Main,R&S,XU4200,"102873",Analógico,"22943",OK,2026-01-08 16:27:06.370
469,48,Standby,Sin Equipo,Sin Equipo,S/N,,,OK,2026-01-08 16:27:07.198
470,48,Main,R&S,XU251,"849216/018",Analógico,,OK,2026-01-08 16:27:08.010
471,48,Standby,R&S,XU251,"844216/024",Analógico,,OK,2026-01-08 16:27:08.842
472,48,Main,R&S,XU4200,"105485",IP,,OK,2026-01-08 16:27:09.647
473,48,Standby,R&S,XU4200,"105489",IP,,OK,2026-01-08 16:27:10.580
474,49,Main,R&S,XU251,"849216/014",Analógico,"23201",OK,2026-01-08 16:27:11.606
475,49,Standby,Sin Equipo,Sin Equipo,S/N,,,OK,2026-01-08 16:27:12.415
476,49,Main,R&S,XU251,"849611/002",Analógico,"16050",OK,2026-01-08 16:27:13.334
477,49,Standby,Sin Equipo,Sin Equipo,S/N,,,OK,2026-01-08 16:27:14.224
478,49,Main,Becker,TG-264,"670",Analógico,"18109",OK,2026-01-08 16:27:14.981
479,49,Standby,Sin Equipo,Sin Equipo,S/N,,,OK,2026-01-08 16:27:15.857
480,50,Main,R&S,XU251,S/N,Analógico,S/N,OK,2026-01-08 16:27:16.924
481,50,Standby,Sin Equipo,Sin Equipo,S/N,,,OK,2026-01-08 16:27:17.850
482,50,Main,R&S,XU251,"839367/050",Analógico,"23200",OK,2026-01-08 16:27:18.558
483,50,Standby,Sin Equipo,Sin Equipo,S/N,,,OK,2026-01-08 16:27:19.279
484,50,Main,Becker,TG-264,"649",Analógico,"18061",OK,2026-01-08 16:27:20.001
485,50,Standby,Sin Equipo,Sin Equipo,S/N,,,OK,2026-01-08 16:27:20.825
486,51,Main,R&S,XU251,"849216/049",Analógico,,OK,2026-01-08 16:27:21.849
487,51,Standby,R&S,XU251,"849611/016",Analógico,,OK,2026-01-08 16:27:22.662
488,51,Main,R&S,XU4200,"105481",IP,"27243",OK,2026-01-08 16:27:23.393
489,51,Standby,R&S,XU4200,"105488",IP,"27242",OK,2026-01-08 16:27:24.287
490,52,Main,R&S,XU251,"849216/051",Analógico,,OK,2026-01-08 16:27:25.314
491,52,Standby,R&S,XU251,"849611/017",Analógico,,OK,2026-01-08 16:27:26.145
492,52,Main,R&S,XU4200,"105483",IP,,OK,2026-01-08 16:27:26.962
493,52,Standby,R&S,XU4200,"105480",IP,,OK,2026-01-08 16:27:27.695
494,53,Main,R&S,S 400 Rx,S/N,Analógico,,OK,2026-01-08 16:27:28.908
495,53,Standby,R&S,S 400 Rx,S/N,Analógico,,OK,2026-01-08 16:27:29.653
496,53,Main,R&S,S 400 Tx,S/N,Analógico,,OK,2026-01-08 16:27:30.443
497,53,Standby,R&S,S 400 Tx,S/N,Analógico,,OK,2026-01-08 16:27:31.264
498,53,Main,R&S,S 400 Tx,S/N,Analógico,,OK,2026-01-08 16:27:32.127
499,53,Standby,R&S,S 400 Tx,S/N,Analógico,,OK,2026-01-08 16:27:32.798
500,53,Main,R&S,EU200,S/N,Analógico,,OK,2026-01-08 16:27:33.635
501,53,Standby,R&S,EU200,S/N,Analógico,,OK,2026-01-08 16:27:34.532
502,53,Main,R&S,SU200,S/N,Analógico,,OK,2026-01-08 16:27:35.453
503,53,Standby,R&S,SU200,S/N,Analógico,,OK,2026-01-08 16:27:36.383
504,53,Main,R&S,EU200,S/N,Analógico,,OK,2026-01-08 16:27:37.206
505,53,Standby,R&S,EU200,S/N,Analógico,,OK,2026-01-08 16:27:38.122
506,53,Main,R&S,SU200,S/N,Analógico,,OK,2026-01-08 16:27:39.045
507,53,Standby,R&S,SU200,S/N,Analógico,,OK,2026-01-08 16:27:39.946
508,53,Main,R&S,SU200,S/N,Analógico,,OK,2026-01-08 16:27:40.679
509,53,Standby,R&S,SU200,S/N,Analógico,,OK,2026-01-08 16:27:41.456
510,53,Main,R&S,EU200,S/N,Analógico,,OK,2026-01-08 16:27:42.216
511,53,Standby,R&S,EU200,S/N,Analógico,,OK,2026-01-08 16:27:42.948
512,53,Main,R&S,SU200,S/N,Analógico,,OK,2026-01-08 16:27:43.921
513,53,Standby,R&S,SU200,S/N,Analógico,,OK,2026-01-08 16:27:44.673
514,53,Main,R&S,EU200,S/N,Analógico,,OK,2026-01-08 16:27:45.593
515,53,Standby,R&S,EU200,S/N,Analógico,,OK,2026-01-08 16:27:46.319
516,53,Main,R&S,S 400 Rx,S/N,Analógico,,OK,2026-01-08 16:27:47.083
517,53,Standby,R&S,S 400 Rx,S/N,Analógico,,OK,2026-01-08 16:27:47.955
518,53,Main,R&S,S 400 Tx,S/N,Analógico,,OK,2026-01-08 16:27:48.912
519,53,Standby,R&S,S 400 Tx,S/N,Analógico,,OK,2026-01-08 16:27:49.873
520,53,Main,R&S,SU200,S/N,Analógico,,OK,2026-01-08 16:27:50.716
521,53,Standby,R&S,SU200,S/N,Analógico,,OK,2026-01-08 16:27:51.569
522,53,Main,R&S,EU200,S/N,Analógico,,OK,2026-01-08 16:27:52.351
523,53,Standby,R&S,EU200,S/N,Analógico,,OK,2026-01-08 16:27:53.169
524,53,Main,R&S,S 400 Rx,S/N,Analógico,,OK,2026-01-08 16:27:54.046
525,53,Standby,R&S,S 400 Rx,S/N,Analógico,,OK,2026-01-08 16:27:54.821
526,53,Main,R&S,S 400 Rx,S/N,Analógico,,OK,2026-01-08 16:27:55.776
527,53,Standby,R&S,S 400 Rx,S/N,Analógico,,OK,2026-01-08 16:27:56.621
528,53,Main,R&S,S 400 Tx,S/N,Analógico,,OK,2026-01-08 16:27:57.368
529,53,Standby,R&S,S 400 Tx,S/N,Analógico,,OK,2026-01-08 16:27:58.186
530,53,Main,R&S,S 400 Tx,S/N,Analógico,,OK,2026-01-08 16:27:59.083
531,53,Standby,R&S,S 400 Tx,S/N,Analógico,,OK,2026-01-08 16:27:59.929
532,53,Main,R&S,S 400 Rx,S/N,Analógico,,OK,2026-01-08 16:28:00.838
533,53,Standby,R&S,S 400 Rx,S/N,Analógico,,OK,2026-01-08 16:28:01.673
534,53,Main,R&S,S 400 Tx,S/N,Analógico,,OK,2026-01-08 16:28:02.590
535,53,Standby,R&S,S 400 Tx,S/N,Analógico,,OK,2026-01-08 16:28:03.518
536,53,Main,R&S,SU200,S/N,Analógico,,OK,2026-01-08 16:28:04.435
537,53,Standby,R&S,SU200,S/N,Analógico,,OK,2026-01-08 16:28:05.164
538,53,Main,R&S,EU200,S/N,Analógico,,OK,2026-01-08 16:28:06.025
539,53,Standby,R&S,EU200,S/N,Analógico,,OK,2026-01-08 16:28:07.011
540,53,Main,R&S,S 400 Tx,S/N,Analógico,,OK,2026-01-08 16:28:08.222
541,53,Standby,R&S,S 400 Tx,S/N,Analógico,,OK,2026-01-08 16:28:09.057
542,53,Main,R&S,S 400 Rx,S/N,Analógico,,OK,2026-01-08 16:28:09.867
543,53,Standby,R&S,S 400 Rx,S/N,Analógico,,OK,2026-01-08 16:28:10.678
544,53,Main,R&S,S 400 Tx,S/N,Analógico,,OK,2026-01-08 16:28:11.603
545,53,Standby,R&S,S 400 Tx,S/N,Analógico,,OK,2026-01-08 16:28:12.421
546,53,Main,R&S,S 400 Rx,S/N,Analógico,,OK,2026-01-08 16:28:13.246
547,53,Standby,R&S,S 400 Rx,S/N,Analógico,,OK,2026-01-08 16:28:13.955
548,53,Main,R&S,SU200,S/N,Analógico,,OK,2026-01-08 16:28:14.861
549,53,Standby,R&S,SU200,S/N,Analógico,,OK,2026-01-08 16:28:15.601
550,53,Main,R&S,EU200,S/N,Analógico,,OK,2026-01-08 16:28:16.359
551,53,Standby,R&S,EU200,S/N,Analógico,,OK,2026-01-08 16:28:17.234
552,53,Main,R&S,S 400 Tx,S/N,Analógico,,OK,2026-01-08 16:28:18.055
553,53,Standby,R&S,S 400 Tx,S/N,Analógico,,OK,2026-01-08 16:28:18.912
554,53,Main,R&S,S 400 Rx,S/N,Analógico,,OK,2026-01-08 16:28:19.693
555,53,Standby,R&S,S 400 Rx,S/N,Analógico,,OK,2026-01-08 16:28:20.521
556,53,Main,R&S,S 400 Tx,S/N,Analógico,,OK,2026-01-08 16:28:21.333
557,53,Standby,R&S,S 400 Tx,S/N,Analógico,,OK,2026-01-08 16:28:22.154
558,53,Main,R&S,S 400 Rx,S/N,Analógico,,OK,2026-01-08 16:28:23.026
559,53,Standby,R&S,S 400 Rx,S/N,Analógico,,OK,2026-01-08 16:28:23.796
560,53,Main,R&S,SU200,S/N,Analógico,,OK,2026-01-08 16:28:24.716
561,53,Standby,R&S,SU200,S/N,Analógico,,OK,2026-01-08 16:28:25.530
562,53,Main,R&S,EU200,S/N,Analógico,,OK,2026-01-08 16:28:26.451
563,53,Standby,R&S,EU200,S/N,Analógico,,OK,2026-01-08 16:28:27.165
564,53,Multi fercuencia,R&S,XU4200,S/N,IP,,OK,2026-01-08 16:28:27.970
565,53,Multi frecuencia,R&S,XU4200,S/N,IP,,OK,2026-01-08 16:28:28.294
566,54,Main,R&S,XU4200,S/N,Analógico,,OK,2026-01-08 16:28:28.809
567,54,Standby,R&S,XU4200,S/N,Analógico,,OK,2026-01-08 16:28:29.634
568,54,Main,R&S,XU4200,S/N,Analógico,,OK,2026-01-08 16:28:30.546
569,54,Standby,R&S,XU4200,S/N,Analógico,,OK,2026-01-08 16:28:31.415
570,54,Main,R&S,XU4200,S/N,Analógico,,OK,2026-01-08 16:28:32.287
571,54,Standby,R&S,XU4200,S/N,Analógico,,OK,2026-01-08 16:28:33.315
572,54,Main,R&S,XU4200,S/N,Analógico,,OK,2026-01-08 16:28:34.196
573,54,Standby,R&S,XU4200,S/N,Analógico,,OK,2026-01-08 16:28:34.951
574,54,Main,R&S,XU4200,S/N,Analógico,,OK,2026-01-08 16:28:36.822
575,54,Standby,R&S,XU4200,S/N,Analógico,,OK,2026-01-08 16:28:42.871
576,54,Main,R&S,XU4200,S/N,Analógico,,OK,2026-01-08 16:29:15.653
577,54,Standby,R&S,XU4200,S/N,Analógico,,OK,2026-01-08 16:29:16.560
578,54,Main,R&S,XU4200,S/N,Analógico,,OK,2026-01-08 16:29:17.527
579,54,Standby,R&S,XU4200,S/N,Analógico,,OK,2026-01-08 16:29:19.192
580,54,Main,R&S,XU4200,S/N,Analógico,,OK,2026-01-08 16:29:20.458
581,54,Standby,R&S,XU4200,S/N,Analógico,,OK,2026-01-08 16:29:21.366
582,54,Main,R&S,XU4200,S/N,Analógico,,OK,2026-01-08 16:29:22.178
583,54,Standby,R&S,XU4200,S/N,Analógico,,OK,2026-01-08 16:29:23.079
584,54,Main,R&S,XU4200,S/N,Analógico,,OK,2026-01-08 16:29:23.894
585,54,Standby,R&S,XU4200,S/N,Analógico,,OK,2026-01-08 16:29:24.820
586,54,Main,R&S,XU4200,S/N,Analógico,,OK,2026-01-08 16:29:25.847
587,54,Standby,R&S,XU4200,S/N,Analógico,,OK,2026-01-08 16:29:26.571
588,55,Main,R&S,XU251,S/N,Analógico,,OK,2026-01-08 16:29:27.494
589,55,Standby,Sin Equipo,Sin Equipo,S/N,,,OK,2026-01-08 16:29:28.205
590,55,Main,R&S,XU251,S/N,Analógico,,OK,2026-01-08 16:29:28.833
591,55,Standby,Sin Equipo,Sin Equipo,S/N,,,OK,2026-01-08 16:29:29.741
592,55,Main,R&S,XU251,S/N,Analógico,,OK,2026-01-08 16:29:30.559
593,55,Standby,Sin Equipo,Sin Equipo,S/N,,,OK,2026-01-08 16:29:31.474
594,55,Main,R&S,XU4200,S/N,IP,,OK,2026-01-08 16:29:32.255
595,55,Standby,R&S,XU4200,S/N,IP,,OK,2026-01-08 16:29:33.014
596,55,Main,R&S,XU4200,S/N,IP,,OK,2026-01-08 16:29:33.729
597,55,Standby,R&S,XU4200,S/N,IP,,OK,2026-01-08 16:29:34.671
598,56,Main,R&S,XU4200,S/N,Analógico,,OK,2026-01-08 16:29:35.883
599,56,Standby,Sin Equipo,Sin Equipo,S/N,,,OK,2026-01-08 16:29:36.768
600,56,Main,R&S,XU4200,S/N,Analógico,,OK,2026-01-08 16:29:38.114
601,56,Standby,Sin Equipo,Sin Equipo,S/N,,,OK,2026-01-08 16:29:38.853
602,56,Main,Sin Equipo,Sin Equipo,S/N,,,OK,2026-01-08 16:29:39.592
603,56,Standby,Sin Equipo,Sin Equipo,S/N,,,OK,2026-01-08 16:29:40.379
604,56,Main,R&S,XU4200,S/N,IP,,OK,2026-01-08 16:29:41.410
605,56,Standby,R&S,XU4200,S/N,IP,,OK,2026-01-08 16:29:42.227
606,56,Main,R&S,XU4200,S/N,IP,,OK,2026-01-08 16:29:43.006
607,56,Standby,R&S,XU4200,S/N,IP,,OK,2026-01-08 16:29:43.671
608,57,Main,R&S,XU4200,S/N,Analógico,,OK,2026-01-08 16:29:44.785
609,57,Standby,Sin Equipo,Sin Equipo,S/N,,,OK,2026-01-08 16:29:45.721
610,57,Main,R&S,XU4200,S/N,Analógico,,OK,2026-01-08 16:29:46.594
611,57,Standby,Sin Equipo,Sin Equipo,S/N,,,OK,2026-01-08 16:29:47.342
612,57,Main,R&S,XU4200,S/N,Analógico,,OK,2026-01-08 16:29:48.068
613,57,Standby,Sin Equipo,Sin Equipo,S/N,,,OK,2026-01-08 16:29:48.744
614,57,Main,R&S,SU4200,S/N,Analógico,,OK,2026-01-08 16:29:49.595
615,57,Standby,Sin Equipo,Sin Equipo,S/N,,,OK,2026-01-08 16:29:50.334
616,57,Main,R&S,XU4200,S/N,Analógico,,OK,2026-01-08 16:29:51.241
617,57,Standby,Sin Equipo,Sin Equipo,S/N,,,OK,2026-01-08 16:29:52.059
618,57,Main,R&S,XU4200,S/N,Analógico,,OK,2026-01-08 16:29:52.977
619,57,Standby,Sin Equipo,Sin Equipo,S/N,,,OK,2026-01-08 16:29:53.894
620,57,Main,R&S,XU4200,S/N,Analógico,,OK,2026-01-08 16:29:54.828
621,57,Standby,Sin Equipo,Sin Equipo,S/N,,,OK,2026-01-08 16:29:55.662
622,57,Main,R&S,XU4200,S/N,IP,,OK,2026-01-08 16:29:56.457
623,57,Standby,R&S,XU4200,S/N,IP,,OK,2026-01-08 16:29:57.277
624,57,Main,R&S,XU4200,S/N,IP,,OK,2026-01-08 16:29:58.103
625,57,Standby,R&S,XU4200,S/N,IP,,OK,2026-01-08 16:29:58.918
626,58,Main,R&S,XU4200,S/N,Analógico,,OK,2026-01-08 16:29:59.893
627,58,Standby,Sin Equipo,Sin Equipo,S/N,,,OK,2026-01-08 16:30:00.767
628,58,Main,R&S,XU4200,S/N,Analógico,,OK,2026-01-08 16:30:01.627
629,58,Standby,Sin Equipo,Sin Equipo,S/N,,,OK,2026-01-08 16:30:02.398
630,58,Main,R&S,XU4200,S/N,Analógico,,OK,2026-01-08 16:30:03.230
631,58,Standby,Sin Equipo,Sin Equipo,S/N,,,OK,2026-01-08 16:30:04.141
632,58,Main,R&S,XU4200,S/N,IP,,OK,2026-01-08 16:30:05.063
633,58,Standby,R&S,XU4200,S/N,IP,,OK,2026-01-08 16:30:05.777
634,58,Main,R&S,XU4200,S/N,IP,,OK,2026-01-08 16:30:06.507
635,58,Standby,R&S,XU4200,S/N,IP,,OK,2026-01-08 16:30:07.523
636,59,Main,R&S,XU4200,S/N,Analógico,,OK,2026-01-08 16:30:08.564
637,59,Standby,Sin Equipo,Sin Equipo,S/N,,,OK,2026-01-08 16:30:09.460
638,59,Main,R&S,XU4200,S/N,Analógico,,OK,2026-01-08 16:30:10.388
639,59,Standby,Sin Equipo,Sin Equipo,S/N,,,OK,2026-01-08 16:30:11.203
640,59,Main,Becker,TG-264,S/N,Analógico,,OK,2026-01-08 16:30:12.131
641,59,Standby,Sin Equipo,Sin Equipo,S/N,,,OK,2026-01-08 16:30:12.943
642,59,Main,R&S,XU4200,S/N,IP,,OK,2026-01-08 16:30:13.766
643,59,Standby,R&S,XU4200,S/N,IP,,OK,2026-01-08 16:30:14.495
644,59,Main,R&S,XU4200,S/N,IP,,OK,2026-01-08 16:30:15.303
645,59,Standby,R&S,XU4200,S/N,IP,,OK,2026-01-08 16:30:16.224
646,60,Main,R&S,XU251,S/N,Analógico,,OK,2026-01-08 16:30:17.145
647,60,Standby,Sin Equipo,Sin Equipo,S/N,,,OK,2026-01-08 16:30:17.964
648,60,Main,Collins,VHF 251,S/N,Analógico,,OK,2026-01-08 16:30:18.784
649,60,Standby,Sin Equipo,Sin Equipo,S/N,,,OK,2026-01-08 16:30:19.609
650,60,Main,Collins,VHF 251,S/N,Analógico,,OK,2026-01-08 16:30:20.423
651,60,Standby,Sin Equipo,Sin Equipo,S/N,,,OK,2026-01-08 16:30:21.345
652,60,Main,Collins,VHF 251,S/N,Analógico,,OK,2026-01-08 16:30:22.267
653,60,Standby,Sin Equipo,Sin Equipo,S/N,,,OK,2026-01-08 16:30:23.209
654,60,Main,R&S,XU251,S/N,Analógico,,OK,2026-01-08 16:30:24.079
655,60,Standby,Sin Equipo,Sin Equipo,S/N,,,OK,2026-01-08 16:30:24.926
656,60,Main,R&S,XU4200,S/N,IP,,OK,2026-01-08 16:30:25.708
657,60,Standby,R&S,XU4200,S/N,IP,,OK,2026-01-08 16:30:26.492
658,60,Main,R&S,XU4200,S/N,IP,,OK,2026-01-08 16:30:27.305
659,60,Standby,R&S,XU4200,S/N,IP,,OK,2026-01-08 16:30:28.199
660,61,Main,R&S,XU251,S/N,Analógico,,OK,2026-01-08 16:30:29.195
661,61,Standby,Sin Equipo,Sin Equipo,S/N,,,OK,2026-01-08 16:30:30.053
662,61,Main,R&S,XU251,S/N,Analógico,,OK,2026-01-08 16:30:30.871
663,61,Standby,Sin Equipo,Sin Equipo,S/N,,,OK,2026-01-08 16:30:31.644
664,61,Main,R&S,XU4200,S/N,IP,,OK,2026-01-08 16:30:32.507
665,61,Standby,R&S,XU4200,S/N,IP,,OK,2026-01-08 16:30:33.417
666,61,Main,R&S,XU4200,S/N,IP,,OK,2026-01-08 16:30:34.346
667,61,Standby,R&S,XU4200,S/N,IP,,OK,2026-01-08 16:30:35.306
668,62,Main,R&S,XU4200,S/N,Analógico,,OK,2026-01-08 16:30:36.494
669,62,Standby,Sin Equipo,Sin Equipo,S/N,,,OK,2026-01-08 16:30:37.374
670,62,Main,R&S,XU4200,S/N,Analógico,,OK,2026-01-08 16:30:38.225
671,62,Standby,Sin Equipo,Sin Equipo,S/N,,,OK,2026-01-08 16:30:39.066
672,62,Main,R&S,XU4200,S/N,Analógico,,OK,2026-01-08 16:30:39.892
673,62,Standby,Sin Equipo,Sin Equipo,S/N,,,OK,2026-01-08 16:30:40.746
674,62,Main,R&S,XU4200,S/N,Analógico,,OK,2026-01-08 16:30:41.552
675,62,Standby,Sin Equipo,Sin Equipo,S/N,,,OK,2026-01-08 16:30:42.304
676,62,Main,R&S,XU4200,S/N,Analógico,,OK,2026-01-08 16:30:43.066
677,62,Standby,Sin Equipo,Sin Equipo,S/N,,,OK,2026-01-08 16:30:44.081
678,62,Main,R&S,XU4200,S/N,IP,,OK,2026-01-08 16:30:44.789
679,62,Standby,R&S,XU4200,S/N,IP,,OK,2026-01-08 16:30:45.719
680,62,Main,R&S,XU4200,S/N,IP,,OK,2026-01-08 16:30:46.432
681,62,Standby,R&S,XU4200,S/N,IP,,OK,2026-01-08 16:30:47.257
682,63,Main,R&S,XU251,S/N,Analógico,,OK,2026-01-08 16:30:48.373
683,63,Standby,Sin Equipo,Sin Equipo,S/N,,,OK,2026-01-08 16:30:49.406
684,63,Main,R&S,XU251,S/N,Analógico,,OK,2026-01-08 16:30:50.225
685,63,Standby,Sin Equipo,Sin Equipo,S/N,,,OK,2026-01-08 16:30:50.937
686,63,Main,R&S,XU4200,S/N,Analógico,,OK,2026-01-08 16:30:51.869
687,63,Standby,Sin Equipo,Sin Equipo,S/N,,,OK,2026-01-08 16:30:52.677
688,63,Main,R&S,EU4200,S/N,IP,,OK,2026-01-08 16:30:53.615
689,63,Standby,R&S,EU4200,S/N,IP,,OK,2026-01-08 16:30:54.622
690,63,Main,R&S,SU4200,S/N,IP,,OK,2026-01-08 16:30:55.542
691,63,Standby,R&S,SU4200,S/N,IP,,OK,2026-01-08 16:30:56.368
692,63,Main,R&S,EU4200,S/N,IP,,OK,2026-01-08 16:30:57.179
693,63,Standby,R&S,EU4200,S/N,IP,,OK,2026-01-08 16:30:58.001
694,63,Main,R&S,SU4200,S/N,IP,,OK,2026-01-08 16:30:58.817
695,63,Standby,R&S,SU4200,S/N,IP,,OK,2026-01-08 16:30:59.453
696,64,Main,R&S,XU4200,S/N,Analógico,,OK,2026-01-08 16:31:00.499
697,64,Standby,Sin Equipo,Sin Equipo,S/N,,,OK,2026-01-08 16:31:01.385
698,64,Main,R&S,XU4200,S/N,Analógico,,OK,2026-01-08 16:31:02.306
699,64,Standby,Sin Equipo,Sin Equipo,S/N,,,OK,2026-01-08 16:31:03.021
700,64,Main,R&S,XU4200,S/N,Analógico,,OK,2026-01-08 16:31:04.383
701,64,Standby,Sin Equipo,Sin Equipo,S/N,,,OK,2026-01-08 16:31:05.481
702,64,Main,R&S,XU4200,S/N,Analógico,,OK,2026-01-08 16:31:06.299
703,64,Standby,Sin Equipo,Sin Equipo,S/N,,,OK,2026-01-08 16:31:07.157
704,64,Main,R&S,SU4200,S/N,Analógico,,OK,2026-01-08 16:31:07.933
705,64,Standby,Sin Equipo,Sin Equipo,S/N,,,OK,2026-01-08 16:31:08.694
706,65,Main,R&S,XU4200,S/N,Analógico,,OK,2026-01-08 16:31:09.712
707,65,Standby,Sin Equipo,Sin Equipo,S/N,,,OK,2026-01-08 16:31:10.507
708,65,Main,R&S,XU4200,S/N,Analógico,,OK,2026-01-08 16:31:11.518
709,65,Standby,Sin Equipo,Sin Equipo,S/N,,,OK,2026-01-08 16:31:12.347
710,65,Main,Becker,TG-264,S/N,Analógico,,OK,2026-01-08 16:31:13.169
711,65,Standby,Sin Equipo,Sin Equipo,S/N,,,OK,2026-01-08 16:31:13.878
712,65,Main,R&S,XU4200,S/N,Analógico,,OK,2026-01-08 16:31:14.541
713,65,Standby,Sin Equipo,Sin Equipo,S/N,,,OK,2026-01-08 16:31:15.311
714,65,Main,R&S,SU200,S/N,Analógico,,OK,2026-01-08 16:31:16.137
715,65,Standby,Sin Equipo,Sin Equipo,S/N,,,OK,2026-01-08 16:31:16.943
716,66,Main,R&S,XU4200,S/N,Analógico,,OK,2026-01-08 16:31:18.078
717,66,Standby,Sin Equipo,Sin Equipo,S/N,,,OK,2026-01-08 16:31:18.924
718,66,Main,R&S,XU4200,S/N,Analógico,,OK,2026-01-08 16:31:19.711
719,66,Standby,Sin Equipo,Sin Equipo,S/N,,,OK,2026-01-08 16:31:20.502
720,66,Main,R&S,XU251,S/N,Analógico,,OK,2026-01-08 16:31:21.220
721,66,Standby,Sin Equipo,Sin Equipo,S/N,,,OK,2026-01-08 16:31:22.172
722,66,Main,R&S,XU4200,S/N,IP,,OK,2026-01-08 16:31:23.107
723,66,Standby,R&S,XU4200,S/N,IP,,OK,2026-01-08 16:31:23.873
724,66,Main,R&S,XU4200,S/N,IP,,OK,2026-01-08 16:31:24.699
725,66,Standby,R&S,XU4200,S/N,IP,,OK,2026-01-08 16:31:25.448
726,67,Main,R&S,XU4200,S/N,IP,,OK,2026-01-08 16:31:26.571
727,67,Standby,R&S,XU4200,S/N,IP,,OK,2026-01-08 16:31:27.393
728,67,Main,R&S,XU4200,S/N,IP,,OK,2026-01-08 16:31:28.212
729,67,Standby,R&S,XU4200,S/N,IP,,OK,2026-01-08 16:31:29.038
730,68,Main,R&S,XU251,S/N,Analógico,,OK,2026-01-08 16:31:30.159
731,68,Standby,Sin Equipo,Sin Equipo,S/N,,,OK,2026-01-08 16:31:31.079
732,68,Main,R&S,XU251,S/N,Analógico,,OK,2026-01-08 16:31:32.204
733,68,Standby,Sin Equipo,Sin Equipo,S/N,,,OK,2026-01-08 16:31:33.025
734,68,Main,R&S,SU4200,S/N,Analógico,,OK,2026-01-08 16:31:33.842
735,68,Standby,Sin Equipo,Sin Equipo,S/N,,,OK,2026-01-08 16:31:34.769
736,68,Main,R&S,XU251,S/N,Analógico,,OK,2026-01-08 16:31:35.652
737,68,Standby,Sin Equipo,Sin Equipo,S/N,,,OK,2026-01-08 16:31:36.401
738,68,Main,R&S,XU251,S/N,Analógico,,OK,2026-01-08 16:31:37.322
739,68,Standby,Sin Equipo,Sin Equipo,S/N,,,OK,2026-01-08 16:31:38.244
740,68,Main,R&S,XU251,S/N,Analógico,,OK,2026-01-08 16:31:39.164
741,68,Standby,Sin Equipo,Sin Equipo,S/N,,,OK,2026-01-08 16:31:40.049
742,69,Main,R&S,XU251,S/N,Analógico,,OK,2026-01-08 16:31:41.114
743,69,Standby,Sin Equipo,Sin Equipo,S/N,,,OK,2026-01-08 16:31:42.034
744,69,Main,R&S,XU251,S/N,Analógico,,OK,2026-01-08 16:31:43.054
745,69,Standby,Sin Equipo,Sin Equipo,S/N,,,OK,2026-01-08 16:31:44.067
746,69,Main,Sin Equipo,Sin Equipo,S/N,,,OK,2026-01-08 16:31:45.011
747,69,Standby,Sin Equipo,Sin Equipo,S/N,,,OK,2026-01-08 16:31:45.924
748,69,Main,Sin Equipo,Sin Equipo,S/N,,,OK,2026-01-08 16:31:47.070
749,69,Standby,Sin Equipo,Sin Equipo,S/N,,,OK,2026-01-08 16:31:47.908
750,69,Main,Sin Equipo,Sin Equipo,S/N,,,OK,2026-01-08 16:31:48.587
751,69,Standby,Sin Equipo,Sin Equipo,S/N,,,OK,2026-01-08 16:31:49.419
752,69,Main,Becker,TG-264,S/N,Analógico,,OK,2026-01-08 16:31:50.223
753,69,Standby,Sin Equipo,Sin Equipo,S/N,,,OK,2026-01-08 16:31:50.903
754,70,Main,Becker,TG-264,S/N,Analógico,,OK,2026-01-08 16:31:51.874
755,70,Standby,Sin Equipo,Sin Equipo,S/N,,,OK,2026-01-08 16:31:52.794
756,70,Main,Sin Equipo,Sin Equipo,S/N,,,OK,2026-01-08 16:31:53.706
757,70,Standby,Sin Equipo,Sin Equipo,S/N,,,OK,2026-01-08 16:31:54.536
758,70,Main,Sin Equipo,Sin Equipo,S/N,,,OK,2026-01-08 16:31:55.399
759,70,Standby,Sin Equipo,Sin Equipo,S/N,,,OK,2026-01-08 16:31:56.266
760,70,Main,R&S,XU4200,S/N,IP,,OK,2026-01-08 16:31:57.089
761,70,Standby,R&S,XU4200,S/N,IP,,OK,2026-01-08 16:31:58.009
762,70,Main,R&S,XU4200,S/N,IP,,OK,2026-01-08 16:31:59.544
763,70,Standby,R&S,XU4200,S/N,IP,,OK,2026-01-08 16:32:00.465
764,71,Main,Becker,TG-264,S/N,Analógico,,OK,2026-01-08 16:32:01.798
765,71,Standby,Sin Equipo,Sin Equipo,S/N,,,OK,2026-01-08 16:32:02.821
766,71,Main,Sin Equipo,Sin Equipo,S/N,,,OK,2026-01-08 16:32:03.644
767,71,Standby,Sin Equipo,Sin Equipo,S/N,,,OK,2026-01-08 16:32:04.567
768,71,Main,Sin Equipo,Sin Equipo,S/N,,,OK,2026-01-08 16:32:05.799
769,71,Standby,Sin Equipo,Sin Equipo,S/N,,,OK,2026-01-08 16:32:06.725
770,72,Main,R&S,XU251,S/N,Analógico,,OK,2026-01-08 16:32:07.633
771,72,Standby,Sin Equipo,Sin Equipo,S/N,,,OK,2026-01-08 16:32:08.661
772,72,Main,R&S,XU251,S/N,Analógico,,OK,2026-01-08 16:32:09.402
773,72,Standby,Sin Equipo,Sin Equipo,S/N,,,OK,2026-01-08 16:32:10.444
774,72,Main,R&S,XU251,S/N,Analógico,,OK,2026-01-08 16:32:11.971
775,72,Standby,Sin Equipo,Sin Equipo,S/N,,,OK,2026-01-08 16:32:12.853
776,72,Main,R&S,XU251,S/N,Analógico,,OK,2026-01-08 16:32:13.986
777,72,Standby,Sin Equipo,Sin Equipo,S/N,,,OK,2026-01-08 16:32:14.777
778,72,Main,R&S,SU200,S/N,Analógico,,OK,2026-01-08 16:32:15.621
779,72,Standby,Sin Equipo,Sin Equipo,S/N,,,OK,2026-01-08 16:32:16.550
780,73,Main,R&S,XU4200,S/N,Analógico,,OK,2026-01-08 16:32:17.479
781,73,Standby,Sin Equipo,Sin Equipo,S/N,,,OK,2026-01-08 16:32:18.291
782,73,Main,R&S,XU4200,S/N,Analógico,,OK,2026-01-08 16:32:19.213
783,73,Standby,Sin Equipo,Sin Equipo,S/N,,,OK,2026-01-08 16:32:20.042
784,73,Main,Sin Equipo,Sin Equipo,S/N,,,OK,2026-01-08 16:32:20.888
785,73,Standby,Sin Equipo,Sin Equipo,S/N,,,OK,2026-01-08 16:32:21.694
786,74,Main,R&S,SU4200,S/N,IP,,OK,2026-01-08 16:32:22.606
787,74,Main,R&S,EU4200,S/N,IP,,OK,2026-01-08 16:32:23.506
788,74,Standby,R&S,SU4200,S/N,IP,,OK,2026-01-08 16:32:24.423
789,74,Standby,R&S,EU4200,S/N,IP,,OK,2026-01-08 16:32:25.156
790,74,Main,R&S,SU4200,S/N,IP,,OK,2026-01-08 16:32:25.861
791,74,Main,R&S,EU4200,S/N,IP,,OK,2026-01-08 16:32:26.600
792,74,Standby,R&S,SU4200,S/N,IP,,OK,2026-01-08 16:32:27.497
793,74,Standby,R&S,EU4200,S/N,IP,,OK,2026-01-08 16:32:28.353
794,75,Main,R&S,XU4200,S/N,IP,,OK,2026-01-08 16:32:29.561
795,75,Standby,R&S,XU4200,S/N,IP,,OK,2026-01-08 16:32:30.507
796,75,Main,R&S,XU4200,S/N,IP,,OK,2026-01-08 16:32:31.508
797,75,Standby,R&S,XU4200,S/N,IP,,OK,2026-01-08 16:32:32.452
798,76,Main,R&S,XU4200,S/N,IP,,OK,2026-01-08 16:32:33.551
799,76,Standby,R&S,XU4200,S/N,IP,,OK,2026-01-08 16:32:34.310
800,76,Main,R&S,XU4200,S/N,IP,,OK,2026-01-08 16:32:35.306
801,76,Standby,R&S,XU4200,S/N,IP,,OK,2026-01-08 16:32:36.105
802,77,Main,R&S,XU4200,S/N,IP,,OK,2026-01-08 16:32:37.071
803,77,Standby,R&S,XU4200,S/N,IP,,OK,2026-01-08 16:32:37.741
804,77,Main,R&S,XU4200,S/N,IP,,OK,2026-01-08 16:32:38.659
805,77,Standby,R&S,XU4200,S/N,IP,,OK,2026-01-08 16:32:39.468
348,35,Main,R&S,XU4200,RTX 103110,IP,RTX 16234,OK,2026-01-08 16:25:13.223
390,40,Main,R&S,XU4200,RTX 103108,IP,RTX ----------------,OK,2026-01-08 16:25:52.963
