"id","nombre","tipo","ident","aeropuerto_id","fir_id","puesto_id","created_at","updated_at","anio_instalacion","asociado_a","ayuda","estacion","fir","frecuencia","latitud","longitud","modelo","monitor_torre","oaci","siglas_local"
232,AEROPARQUE,DME,,,,,2026-01-09 14:52:03.343,2026-01-09 14:52:03.343,"2021",ILS,DME,ILS ( GP - DME ),EZE,"32 X",-34.55888889,-58.41638889,INDRA LDB - 103,true,SABE,AER
233,AEROPARQUE,LI / LO / NDB,,,,,2026-01-09 14:52:03.882,2026-01-09 14:52:03.882,"2005",P,LI,LI,EZE,"280 Khz",-34.55888889,-58.41638889,SAC 100,false,SABE,AER
234,AEROPARQUE,LI / LO / NDB,,,,,2026-01-09 14:52:04.189,2026-01-09 14:52:04.189,"2003",N,LI,LI,EZE,"375 Khz",-34.55888889,-58.41638889,MAURO RB101,false,SABE,AER
235,AEROPARQUE,ILS,,,,,2026-01-09 14:52:04.486,2026-01-09 14:52:04.486,"2021",ILS,GP,ILS ( GP - DME ),EZE,"109.5 Mhz",-34.55888889,-58.41638889,NORMARC 7000,true,SABE,AER
236,BAHIA BLANCA,DME,,,,,2026-01-09 14:52:04.783,2026-01-09 14:52:04.783,"2016",ILS,DME,ILS ( GP - DME ),EZE,"34 X",-38.7275,-62.15333333,INDRA LDB - 103,true,SAZB,BCA
237,BAHIA BLANCA,DME,,,,,2026-01-09 14:52:05.233,2026-01-09 14:52:05.233,"2004",VOR,DME,VOR/DME,EZE,"90 X",-38.7275,-62.15333333,THALES 435,true,SAZB,BCA
238,BAHIA BLANCA,ILS,,,,,2026-01-09 14:52:05.516,2026-01-09 14:52:05.516,"2016",ILS,GP,ILS ( GP - DME ),EZE,"109.7 Mhz",-38.7275,-62.15333333,NORMARC 7000,true,SAZB,BCA
239,BAHIA BLANCA,VOR / DVOR,,,,,2026-01-09 14:52:05.774,2026-01-09 14:52:05.774,"2004",DME,VOR,VOR/DME,EZE,"114.3 Mhz",-38.7275,-62.15333333,THALES 431,true,SAZB,BCA
240,BARILOCHE,ILS,,,,,2026-01-09 14:52:06.138,2026-01-09 14:52:06.138,"2022",ILS,GP,ILS ( GP - DME ),EZE,"109.5 Mhz",-41.15111111,-71.15777778,NORMARC 7000,true,SAZS,BAR
241,BARILOCHE,DME,,,,,2026-01-09 14:52:06.420,2026-01-09 14:52:06.420,"2022",ILS,DME,ILS ( GP - DME ),EZE,"32 X",-41.15111111,-71.15777778,INDRA LDB - 103,true,SAZS,BAR
242,BARILOCHE,DME,,,,,2026-01-09 14:52:06.719,2026-01-09 14:52:06.719,"2020",VOR,DME,VOR/DME,EZE,"121 X",-41.15111111,-71.15777778,SELEX 1119A,true,SAZS,BAR
243,BARILOCHE,VOR / DVOR,,,,,2026-01-09 14:52:07.030,2026-01-09 14:52:07.030,"2020",DME,VOR,VOR/DME,EZE,"117.4 Mhz",-41.15111111,-71.15777778,SELEX 1150A,true,SAZS,BAR
244,CATAMARCA,DME,,,,,2026-01-09 14:52:07.344,2026-01-09 14:52:07.344,"2015",VOR,DME,VOR/DME,CBA,"90 X",-2859305556,-65.75111111,THALES 435,true,SANC,CAT
245,CATAMARCA,VOR / DVOR,,,,,2026-01-09 14:52:07.763,2026-01-09 14:52:07.763,"2015",DME,VOR,VOR/DME,CBA,"114.3 Mhz",-28.59305556,-65.75111111,THALES 431,true,SANC,CAT
246,CERES,DME,,,,,2026-01-09 14:52:08.051,2026-01-09 14:52:08.051,"1999",VOR,DME,VOR/DME,CBA,"102 X",-29.87161,-61.92696,ALCATEL FSD-45,true,SANW,ERE
247,CERES,VOR / DVOR,,,,,2026-01-09 14:52:08.281,2026-01-09 14:52:08.281,"1991",DME,VOR,VOR/DME,CBA,"115.5 Mhz",-29.87161,-61.92696,SEL 4000,true,SANW,ERE
248,CHAPELCO,DME,,,,,2026-01-09 14:52:08.529,2026-01-09 14:52:08.529,"1996",VOR,DME,VOR/DME,EZE,"117 X",-40.07527778,-71.13722222,WILCOX 596,true,SAZY,CHP
249,CHAPELCO,VOR / DVOR,,,,,2026-01-09 14:52:08.780,2026-01-09 14:52:08.780,"1997",DME,VOR,VOR/DME,EZE,"117.0 Mhz",-40.07527778,-71.13722222,WILCOX 585,true,SAZY,CHP
250,CHOELE CHOEL,DME,,,,,2026-01-09 14:52:09.068,2026-01-09 14:52:09.068,"1998",VOR,DME,VOR/DME,EZE,"81 X",-39.28638889,-65.61,ALCATEL FSD-45,false,,OEL
251,CHOELE CHOEL,VOR / DVOR,,,,,2026-01-09 14:52:09.381,2026-01-09 14:52:09.381,"1998",DME,VOR,VOR/DME,EZE,"113.4 Mhz",-39.28638889,-65.61,ALCATEL SN 431,false,,OEL
252,COM. RIVADAVIA,DME,,,,,2026-01-09 14:52:09.715,2026-01-09 14:52:09.715,"2004",ILS,DME,ILS ( GP - DME ),CRV,"40 X",-45.78527778,-67.46555556,FERNAU 2020,true,SAVC,CRV
253,COM. RIVADAVIA,DME,,,,,2026-01-09 14:52:09.932,2026-01-09 14:52:09.932,"1998",VOR,DME,VOR/DME,CRV,"122 X",-45.78527778,-67.46555556,ALCATEL FSD-45,true,SAVC,CRV
254,COM. RIVADAVIA,VOR / DVOR,,,,,2026-01-09 14:52:10.153,2026-01-09 14:52:10.153,"1998",DME,VOR,VOR/DME,CRV,"117.5 Mhz",-45.78527778,-67.46555556,ALCATEL SN 431,true,SAVC,CRV
255,COM. RIVADAVIA,ILS,,,,,2026-01-09 14:52:10.409,2026-01-09 14:52:10.409,"2004",ILS,GP,ILS ( GP - DME ),CRV,"110.3 Mhz",-45.78527778,-67.46555556,NORMARC 7000,true,SAVC,CRV
256,CORDOBA,DME,,,,,2026-01-09 14:52:10.814,2026-01-09 14:52:10.814,"2021",ILS,DME,ILS ( GP - DME ),CBA,"40 X",-31.31,-64.20833333,NORMARC LDB 103,true,SACO,CBA
257,CORDOBA,DME,,,,,2026-01-09 14:52:11.132,2026-01-09 14:52:11.132,"2022",VOR,DME,VOR/DME,CBA,"92 X",-31.31,-64.20833333,SELEX 1119A,true,SACO,CBA
258,CORDOBA,LI / LO / NDB,,,,,2026-01-09 14:52:11.449,2026-01-09 14:52:11.449,"2006",H,LI,LI,CBA,"262 Khz",-31.31,-64.20833333,NAUTEL ND500,false,SACO,CBA
259,CORDOBA,VOR / DVOR,,,,,2026-01-09 14:52:11.744,2026-01-09 14:52:11.744,"2022",DME,VOR,VOR/DME,CBA,"114.5 Mhz",-31.31,-64.20833333,SELEX 1150A,true,SACO,CBA
260,CORDOBA,ILS,,,,,2026-01-09 14:52:12.045,2026-01-09 14:52:12.045,"2021",ILS,GP,ILS ( GP - DME ),CBA,"110.3 Mhz",-31.31,-64.20833333,NORMARC 7000,true,SACO,CBA
261,CORRIENTES,VOR / DVOR,,,,,2026-01-09 14:52:12.352,2026-01-09 14:52:12.352,"1996",DME,VOR,VOR/DME,SIS,"115.4 Mhz",-27.44555556,-58.76194444,AERONAV NAI9003,true,SARC,CRR
262,CORRIENTES,ILS,,,,,2026-01-09 14:52:12.570,2026-01-09 14:52:12.570,"2021",ILS,GP,ILS ( GP - DME ),SIS,"109.7 Mhz",-27.44555556,-58.76194444,NORMARC 7000,true,SARC,CRR
263,CORRIENTES,DME,,,,,2026-01-09 14:52:12.872,2026-01-09 14:52:12.872,"2021",ILS,DME,ILS ( GP - DME ),SIS,"34 X",-27.44555556,-58.76194444,INDRA LDB - 103,true,SARC,CRR
264,CORRIENTES,DME,,,,,2026-01-09 14:52:13.091,2026-01-09 14:52:13.091,"1996",VOR,DME,VOR/DME,SIS,"101 X",-27.44555556,-58.76194444,PELORUS 8900,true,SARC,CRR
265,CORRIENTES,LI / LO / NDB,,,,,2026-01-09 14:52:13.385,2026-01-09 14:52:13.385,"2004",C,LI,LI,SIS,"305 Khz",-27.44555556,-58.76194444,SAC 100,false,SARC,CRR
266,EL CALAFATE,VOR / DVOR,,,,,2026-01-09 14:52:13.648,2026-01-09 14:52:13.648,"2000",DME,VOR,VOR/DME,CRV,"114.7 Mhz",-50.28,-72.05305556,AIRSYS SN 431,true,SAWC,ECA
267,EL CALAFATE,DME,,,,,2026-01-09 14:52:13.903,2026-01-09 14:52:13.903,"2000",VOR,DME,VOR/DME,CRV,"94 X",-50.28,-72.05305556,AIRSYS AN 435,true,SAWC,ECA
268,EL CALAFATE,DME,,,,,2026-01-09 14:52:14.198,2026-01-09 14:52:14.198,"2013",ILS,DME,ILS ( GP - DME ),CRV,"26 X",-50.28,-72.05305556,SELEX 1118A,true,SAWC,ECA
269,EL CALAFATE,ILS,,,,,2026-01-09 14:52:14.511,2026-01-09 14:52:14.511,"2013",ILS,GP,ILS ( GP - DME ),CRV,"108.9 Mhz",-50.28,-72.05305556,SELEX 2100,true,SAWC,ECA
270,ESC. DE AVIACION,ILS,,,,,2026-01-09 14:52:14.742,2026-01-09 14:52:14.742,"2009",ILS,GP,ILS ( GP - DME ),,"108.7 Mhz",,,NORMARC 3500,true,,EAM
271,ESC. DE AVIACION,DME,,,,,2026-01-09 14:52:15.004,2026-01-09 14:52:15.004,"2009",ILS,DME,ILS ( GP - DME ),,"24 X",,,WILCOX 596-C,true,,EAM
272,ESQUEL,ILS,,,,,2026-01-09 14:52:15.286,2026-01-09 14:52:15.286,"2022",ILS,GP,ILS ( GP - DME ),CRV,"109.7 Mhz",-42.90381,-71.13554,NORMARC 7000,true,SAVE,ESQ
273,ESQUEL,DME,,,,,2026-01-09 14:52:15.508,2026-01-09 14:52:15.508,"2022",ILS,DME,ILS ( GP - DME ),CRV,"34 X",-42.90381,-71.13554,INDRA LDB - 103,true,SAVE,ESQ
274,ESQUEL,DME,,,,,2026-01-09 14:52:15.747,2026-01-09 14:52:15.747,"1982",VOR,DME,VOR/DME,CRV,"125 X",-42.90381,-71.13554,WILCOX 596-B,true,SAVE,ESQ
275,ESQUEL,LI / LO / NDB,,,,,2026-01-09 14:52:16.140,2026-01-09 14:52:16.140,"1969",L,LI,LI,CRV,"260 Khz",-42.90381,-71.13554,NAUTEL ND 200,false,SAVE,ESQ
276,ESQUEL,VOR / DVOR,,,,,2026-01-09 14:52:16.450,2026-01-09 14:52:16.450,"1985",DME,VOR,VOR/DME,CRV,"117.8 Mhz",-42.90381,-71.13554,WILCOX 585-B,true,SAVE,ESQ
277,EZEIZA,DME,,,,,2026-01-09 14:52:16.748,2026-01-09 14:52:16.748,"1997",ILS,DME,ILS ( GP - DME ) 11,EZE,"38 X",-34.82222222,-58.53583333,PELORUS 8900,true,SAEZ,EZE
278,EZEIZA,DME,,,,,2026-01-09 14:52:17.086,2026-01-09 14:52:17.086,"2006",ILS,DME,ILS ( GP - DME ) 17,EZE,"24 X",-34.82222222,-58.53583333,FERNAU 2020,true,SAEZ,EZE
279,EZEIZA,DME,,,,,2026-01-09 14:52:17.365,2026-01-09 14:52:17.365,"2008",VOR,DME,VOR/DME,EZE,"112 X",-34.82222222,-58.53583333,SELEX 1119A,true,SAEZ,EZE
280,EZEIZA,LI / LO / NDB,,,,,2026-01-09 14:52:17.680,2026-01-09 14:52:17.680,"1999",C,LI,LI 11,EZE,"305 Khz",-34.82222222,-58.53583333,NAUTEL ND 200,false,SAEZ,EZE
281,EZEIZA,LI / LO / NDB,,,,,2026-01-09 14:52:17.939,2026-01-09 14:52:17.939,"2006",OA,LO,LO 17,EZE,"270 Khz",-34.82222222,-58.53583333,SAC 100,false,SAEZ,EZE
282,EZEIZA,VOR / DVOR,,,,,2026-01-09 14:52:18.155,2026-01-09 14:52:18.155,"2023",DME,VOR,VOR/DME,EZE,"116.5 Mhz",-34.82222222,-58.53583333,SELEX 1150A,true,SAEZ,EZE
283,EZEIZA,ILS,,,,,2026-01-09 14:52:18.388,2026-01-09 14:52:18.388,"1997",ILS,GP,ILS ( GP - DME ) 11,EZE,"110.1 Mhz",-34.82222222,-58.53583333,NORMARC 7000,true,SAEZ,EZE
284,EZEIZA,ILS,,,,,2026-01-09 14:52:18.703,2026-01-09 14:52:18.703,"2006",ILS,GP,ILS ( GP - DME ) 17,EZE,"108.7 Mhz",-34.82222222,-58.53583333,NORMARC 7000,true,SAEZ,EZE
285,FORMOSA,ILS,,,,,2026-01-09 14:52:18.971,2026-01-09 14:52:18.971,"1997",ILS,GP,ILS ( GP - DME ),SIS,"110.9 Mhz",-26.21277778,-58.22805556,NORMARC 3500,true,SARF,FSA
286,FORMOSA,DME,,,,,2026-01-09 14:52:19.208,2026-01-09 14:52:19.208,"1997",ILS,DME,ILS ( GP - DME ),SIS,"46 X",-26.21277778,-58.22805556,PELORUS 8900,true,SARF,FSA
287,FORMOSA,DME,,,,,2026-01-09 14:52:19.423,2026-01-09 14:52:19.423,"2021",VOR,DME,VOR/DME,SIS,"103 X",-26.21277778,-58.22805556,ALCATEL FSD-45,true,SARF,FSA
288,FORMOSA,VOR / DVOR,,,,,2026-01-09 14:52:19.702,2026-01-09 14:52:19.702,"1983",DME,VOR,VOR/DME,SIS,"115.6 Mhz",-26.21277778,-58.22805556,WILCOX 585-B,true,SARF,FSA
289,GENERAL BELGRANO,VOR / DVOR,,,,,2026-01-09 14:52:20.044,2026-01-09 14:52:20.044,"1991",,VOR,VOR,EZE,"115.6 Mhz",-35.75191,-58.46327,SEL 4000,false,,GBE
290,GENERAL PICO,LI / LO / NDB,,,,,2026-01-09 14:52:20.343,2026-01-09 14:52:20.343,"1983",G,LI,LI,EZE,"307 Khz",-35.69472222,-63.75888889,WILCOX 785-E,false,SAZG,GPI
291,GENERAL PICO,VOR / DVOR,,,,,2026-01-09 14:52:20.573,2026-01-09 14:52:20.573,"1992",,VOR,VOR,EZE,"112.2 Mhz",-35.69472222,-63.75888889,SEL 4000,true,SAZG,GPI
292,GENERAL ROCA,LI / LO / NDB,,,,,2026-01-09 14:52:20.850,2026-01-09 14:52:20.850,"2000",GNR,NDB,NDB,EZE,"275 Khz",-39.0,-67.61972222,WILCOX 785-E,false,SAHR,GNR
293,GUALEGUAYCHU,DME,,,,,2026-01-09 14:52:21.064,2026-01-09 14:52:21.064,"1999",VOR,DME,VOR/DME,EZE,"79 X",-33.00555556,-58.61277778,ALCATEL FSD-45,true,"SAAG
",GUA
294,GUALEGUAYCHU,VOR / DVOR,,,,,2026-01-09 14:52:21.360,2026-01-09 14:52:21.360,"1984",DME,VOR,VOR/DME,EZE,"113.2 Mhz",-33.00555556,-58.61277778,WILCOX 585-B,true,"SAAG
",GUA
295,IGUAZU,DME,,,,,2026-01-09 14:52:21.642,2026-01-09 14:52:21.642,"2001",ILS,DME,ILS ( GP - DME ),SIS,"46 X",-25.73722,-54.47354,FERNAU 2020,true,SARI,IGU
296,IGUAZU,DME,,,,,2026-01-09 14:52:21.877,2026-01-09 14:52:21.877,"2001",VOR,DME,VOR/DME,SIS,"88 X",-25.73722,-54.47354,WILCOX 596-B,true,SARI,IGU
297,IGUAZU,ILS,,,,,2026-01-09 14:52:22.104,2026-01-09 14:52:22.104,"2001",ILS,GP,ILS ( GP - DME ),SIS,"110.9 Mhz",-25.73722,-54.47354,NORMARC 7000,true,SARI,IGU
298,IGUAZU,VOR / DVOR,,,,,2026-01-09 14:52:22.407,2026-01-09 14:52:22.407,"1985",DME,VOR,VOR/DME,SIS,"114.1 Mhz",-25.73722,-54.47354,WILCOX 585-B,true,SARI,IGU
299,JUJUY,VOR / DVOR,,,,,2026-01-09 14:52:22.616,2026-01-09 14:52:22.616,"2001",DME,VOR,VOR/DME,CBA,"112.9 Mhz",-24.3925,-65.09777778,AIRSYS SN 431,true,SASJ,JUJ
300,JUJUY,DME,,,,,2026-01-09 14:52:23.001,2026-01-09 14:52:23.001,"2015",ILS,DME,ILS ( GP - DME ),CBA,"38 X",-24.3925,-65.09777778,INDRA LDB - 103,true,SASJ,JUJ
301,JUJUY,DME,,,,,2026-01-09 14:52:23.344,2026-01-09 14:52:23.344,"2001",VOR,DME,VOR/DME,CBA,"76 X",-24.3925,-65.09777778,AIRSYS ATM 435,true,SASJ,JUJ
302,JUJUY,ILS,,,,,2026-01-09 14:52:23.559,2026-01-09 14:52:23.559,"2015",ILS,GP,ILS ( GP - DME ),CBA,"110.1 Mhz",-24.3925,-65.09777778,NORMARC 7000,true,SASJ,JUJ
303,JUNIN,VOR / DVOR,,,,,2026-01-09 14:52:23.818,2026-01-09 14:52:23.818,"1991",,VOR,VOR,EZE,"116.1 Mhz",-34.54589,-60.93051,SEL 4000,true,SAAJ,NIN
304,LA PLATA,VOR / DVOR,,,,,2026-01-09 14:52:24.093,2026-01-09 14:52:24.093,"1990",,VOR,VOR,EZE,"113.7 Mhz",-34.96916667,-57.89305556,SEL 4000,true,SADL,PTA
305,LA RIOJA,ILS,,,,,2026-01-09 14:52:24.435,2026-01-09 14:52:24.435,"1995",ILS,GP,ILS ( GP - DME ),CBA,"110.1 Mhz",-29.38055556,-66.79583333,NORMARC 3500,true,SANL,LAR
306,LA RIOJA,DME,,,,,2026-01-09 14:52:24.736,2026-01-09 14:52:24.736,"1995",ILS,DME,ILS ( GP - DME ),CBA,"38 X",-29.38055556,-66.79583333,PELORUS 8900,true,SANL,LAR
307,LA RIOJA,DME,,,,,2026-01-09 14:52:25.041,2026-01-09 14:52:25.041,"2020",VOR,DME,VOR/DME,CBA,"82 X",-29.38055556,-66.79583333,SELEX 1119A,true,SANL,LAR
308,LA RIOJA,VOR / DVOR,,,,,2026-01-09 14:52:25.355,2026-01-09 14:52:25.355,"2020",DME,VOR,VOR/DME,CBA,"113.5 Mhz",-29.38055556,-66.79583333,SELEX 1150A,true,SANL,LAR
309,LABOULAYE,VOR / DVOR,,,,,2026-01-09 14:52:25.761,2026-01-09 14:52:25.761,"1991",,VOR,VOR,EZE,"116.3 Mhz",-34.13544,-63.36237,SEL 4000,false,SAOL,LYE
310,MALARGUE,DME,,,,,2026-01-09 14:52:26.073,2026-01-09 14:52:26.073,"2000",VOR,DME,VOR/DME,DOZ,"119 X",-35.49527778,-69.57305556,WILCOX 596-B,true,SAMM,MLG
311,MALARGUE,VOR / DVOR,,,,,2026-01-09 14:52:26.482,2026-01-09 14:52:26.482,"1987",DME,VOR,VOR/DME,DOZ,"117.2 Mhz",-35.49527778,-69.57305556,WILCOX 585-B,true,SAMM,MLG
312,MAR DEL PLATA,DME,,,,,2026-01-09 14:52:26.893,2026-01-09 14:52:26.893,"2019",ILS,DME,ILS ( GP - DME ),EZE,"32 X",-37.93416667,-57.57333333,INDRA LDB - 103,true,SAZM,MDP
313,MAR DEL PLATA,DME,,,,,2026-01-09 14:52:27.187,2026-01-09 14:52:27.187,"2022",VOR,DME,VOR/DME,EZE,"109 X",-37.93416667,-57.57333333,SELEX 1119A,true,SAZM,MDP
314,MAR DEL PLATA,ILS,,,,,2026-01-09 14:52:27.929,2026-01-09 14:52:27.929,"2019",ILS,GP,ILS ( GP - DME ),EZE,"109.5 Mhz",-37.93416667,-57.57333333,NORMARC 7000,true,SAZM,MDP
315,MAR DEL PLATA,VOR / DVOR,,,,,2026-01-09 14:52:28.218,2026-01-09 14:52:28.218,"2022",DME,VOR,VOR/DME,EZE,"116.2 Mhz",-37.93416667,-57.57333333,SELEX 1150A,true,SAZM,MDP
316,MARAMBIO,DME,,,,,2026-01-09 14:52:28.534,2026-01-09 14:52:28.534,"2006",VOR,DME,VOR/DME,CRV,"126 X",-64.23913,-56.63085,THALES 435,true,SAWB,MBI
317,MARAMBIO,LI / LO / NDB,,,,,2026-01-09 14:52:28.833,2026-01-09 14:52:28.833,"2000",M,LI,LI,CRV,"330 Khz",-64.23913,-56.63085,SAC 100,false,SAWB,MBI
318,MARAMBIO,LI / LO / NDB,,,,,2026-01-09 14:52:29.147,2026-01-09 14:52:29.147,"2000",MBI,NDB,NDB,CRV,"345 Khz",-64.23913,-56.63085,SAC 100,true,SAWB,MBI
319,MARAMBIO,VOR / DVOR,,,,,2026-01-09 14:52:29.549,2026-01-09 14:52:29.549,"2006",DME,VOR,VOR/DME,CRV,"117.9 Mhz",-64.23913,-56.63085,THALES 431,true,SAWB,MBI
320,MARCOS JUAREZ,VOR / DVOR,,,,,2026-01-09 14:52:29.861,2026-01-09 14:52:29.861,"1991",,VOR,VOR,CBA,"114.7 Mhz",-32.684,-62.15772,SEL 4000,true,SAOM,MJZ
321,MENDOZA,VOR / DVOR,,,,,2026-01-09 14:52:30.161,2026-01-09 14:52:30.161,"2023",DME,VOR,VOR/DME,DOZ,"114.9 Mhz",-32.83166667,-68.79277778,SELEX 1150A,true,SAME,DOZ
322,MENDOZA,DME,,,,,2026-01-09 14:52:30.478,2026-01-09 14:52:30.478,"2002",ILS,DME,ILS ( GP - DME ),DOZ,"36 X",-32.83166667,-68.79277778,FERNAU 2020,true,SAME,DOZ
323,MENDOZA,DME,,,,,2026-01-09 14:52:30.775,2026-01-09 14:52:30.775,"2023",VOR,DME,VOR/DME,DOZ,"96 X",-32.83166667,-68.79277778,SELEX 1119A,true,SAME,DOZ
324,MENDOZA,ILS,,,,,2026-01-09 14:52:31.045,2026-01-09 14:52:31.045,"2002",ILS,GP,ILS ( GP - DME ),DOZ,"109.9 Mhz",-32.83166667,-68.79277778,NORMARC 7000,true,SAME,DOZ
325,NEUQUEN,VOR / DVOR,,,,,2026-01-09 14:52:31.286,2026-01-09 14:52:31.286,"2001",DME,DVOR,VOR/DME,EZE,"116.7 Mhz",-38.94888889,-68.15583333,AIRSYS SN 432,true,SAZN,NEU
326,NEUQUEN,DME,,,,,2026-01-09 14:52:31.704,2026-01-09 14:52:31.704,"2018",ILS,DME,ILS ( GP - DME ),EZE,"40 X",-38.94888889,-68.15583333,INDRA LDB - 103,true,SAZN,NEU
327,NEUQUEN,DME,,,,,2026-01-09 14:52:32.008,2026-01-09 14:52:32.008,"2001",DVOR,DME,VOR/DME,EZE,"114 X",-38.94888889,-68.15583333,AIRSYS ATM 435,true,SAZN,NEU
328,NEUQUEN,ILS,,,,,2026-01-09 14:52:32.319,2026-01-09 14:52:32.319,"2018",ILS,GP,ILS ( GP - DME ),EZE,"110.3 Mhz",-38.94888889,-68.15583333,NORMARC 7000,true,SAZN,NEU
329,PALOMAR,DME,,,,,2026-01-09 14:52:32.627,2026-01-09 14:52:32.627,"2019",ILS,DME,ILS ( GP - DME ),EZE,"42 X",-34.61,-58.6125,INDRA LDB - 103,true,SADP,PAL
330,PALOMAR,DME,,,,,2026-01-09 14:52:32.937,2026-01-09 14:52:32.937,"2004",VOR,DME,VOR/DME,EZE,"99 X",-34.61,-58.6125,WILCOX 596-B,true,SADP,PAL
331,PALOMAR,ILS,,,,,2026-01-09 14:52:33.247,2026-01-09 14:52:33.247,"2019",ILS,GP,ILS ( GP - DME ),EZE,"110.5 Mhz",-34.61,-58.6125,NORMARC 7000,true,SADP,PAL
332,PALOMAR,VOR / DVOR,,,,,2026-01-09 14:52:33.493,2026-01-09 14:52:33.493,"2004",DME,VOR,VOR/DME,EZE,"115.2 Mhz",-34.61,-58.6125,WILCOX 585-B,true,SADP,PAL
333,PARANA,DME,,,,,2026-01-09 14:52:33.748,2026-01-09 14:52:33.748,"2001",ILS,DME,ILS ( GP - DME ),EZE,"40 X",-31.79472222,-60.48027778,FERNAU 2020,true,SAAP,PAR
334,PARANA,DME,,,,,2026-01-09 14:52:34.105,2026-01-09 14:52:34.105,"2004",VOR,DME,VOR/DME,EZE,"115 X",-31.79472222,-60.48027778,ALCATEL FSD-45,true,SAAP,PAR
335,PARANA,LI / LO / NDB,,,,,2026-01-09 14:52:34.576,2026-01-09 14:52:34.576,"2001",P,LI,LI,EZE,"250 Khz",-31.79472222,-60.48027778,FERNAU 2060,false,SAAP,PAR
336,PARANA,ILS,,,,,2026-01-09 14:52:34.795,2026-01-09 14:52:34.795,"2001",ILS,GP,ILS ( GP - DME ),EZE,"110.3 Mhz",-31.79472222,-60.48027778,NORMARC 7000,true,SAAP,PAR
337,PARANA,VOR / DVOR,,,,,2026-01-09 14:52:35.035,2026-01-09 14:52:35.035,"2004",DME,VOR,VOR/DME,EZE,"116.8 Mhz",-31.79472222,-60.48027778,THALES 431,true,SAAP,PAR
338,PASO DE LOS LIBRES,LI / LO / NDB,,,,,2026-01-09 14:52:35.340,2026-01-09 14:52:35.340,"1983",L,LI,LI,SIS,"325 Khz",-29.68805556,-57.15222222,WILCOX 785-E,false,SARL,LIB
339,PERITO MORENO,LI / LO / NDB,,,,,2026-01-09 14:52:35.586,2026-01-09 14:52:35.586,,PTM,NDB,NDB,CRV,"285 Khz",-46.53844,-70.97879,NAVIA II,true,SAWP,PTM
340,POSADAS,ILS,,,,,2026-01-09 14:52:35.898,2026-01-09 14:52:35.898,"2021",ILS,GP,ILS ( GP - DME ),SIS,"109.9 Mhz",-27.38573,-55.97049,NORMARC 7000,true,SARP,POS
341,POSADAS,VOR / DVOR,,,,,2026-01-09 14:52:36.109,2026-01-09 14:52:36.109,"1991",DME,VOR,VOR/DME,SIS,"114.9 Mhz",-27.38573,-55.97049,SEL 4000,true,SARP,POS
342,POSADAS,DME,,,,,2026-01-09 14:52:36.333,2026-01-09 14:52:36.333,"2021",ILS,DME,ILS ( GP - DME ),SIS,"36 X",-27.38573,-55.97049,INDRA LDB - 103,true,SARP,POS
343,POSADAS,DME,,,,,2026-01-09 14:52:36.547,2026-01-09 14:52:36.547,"1982",VOR,DME,VOR/DME,SIS,"96 X",-27.38573,-55.97049,WILCOX 596-B,true,SARP,POS
344,PUERTO MADRYN,DME,,,,,2026-01-09 14:52:36.797,2026-01-09 14:52:36.797,"2013",VOR,DME,VOR/DME,CRV,"108 X",-42.75916667,-65.10277778,THALES 435,true,SAVY,DRY
345,PUERTO MADRYN,VOR / DVOR,,,,,2026-01-09 14:52:37.150,2026-01-09 14:52:37.150,"2013",DME,VOR,VOR/DME,CRV,"116.1 Mhz",-42.75916667,-65.10277778,THALES 431,true,SAVY,DRY
346,QUILMES,LI / LO / NDB,,,,,2026-01-09 14:52:37.446,2026-01-09 14:52:37.446,"2004",ILM,NDB,NDB,EZE,"210 Khz",-34.70643,-58.24461,SAC 100,false,SADQ,ILM
347,RECONQUISTA,VOR / DVOR,,,,,2026-01-09 14:52:37.758,2026-01-09 14:52:37.758,"1991",DME,VOR,VOR,SIS,"117.1 Mhz",-29.21027778,-59.68,SEL 4000,true,SATR,RTA
348,RECONQUISTA,DME,,,,,2026-01-09 14:52:38.058,2026-01-09 14:52:38.058,"1982",VOR,DME,VOR/DME,SIS,"118 X",-29.21027778,-59.68,WILCOX 596-B,true,SATR,RTA
349,RESISTENCIA,VOR / DVOR,,,,,2026-01-09 14:52:38.280,2026-01-09 14:52:38.280,"1997",DME,VOR,VOR/DME,SIS,"115.1 Mhz",-27.45,-59.05611111,ALCATEL SN 431,true,SARE,SIS
350,RESISTENCIA,ILS,,,,,2026-01-09 14:52:38.568,2026-01-09 14:52:38.568,"2021",ILS,GP,ILS ( GP - DME ),SIS,"110.3 Mhz",-27.45,-59.05611111,NORMARC 7000,true,SARE,SIS
351,RESISTENCIA,DME,,,,,2026-01-09 14:52:38.781,2026-01-09 14:52:38.781,"2021",ILS,DME,ILS ( GP - DME ),SIS,"40 X",-27.45,-59.05611111,INDRA LDB - 103,true,SARE,SIS
352,RESISTENCIA,DME,,,,,2026-01-09 14:52:39.082,2026-01-09 14:52:39.082,"1997",VOR,DME,VOR/DME,SIS,"98 X",-27.45,-59.05611111,ALCATEL FSD-45,true,SARE,SIS
353,RESISTENCIA,LI / LO / NDB,,,,,2026-01-09 14:52:39.290,2026-01-09 14:52:39.290,"2007",N,LI,LI,SIS,"262 Khz",-27.45,-59.05611111,NAUTEL ND500,false,SARE,SIS
354,RIO CUARTO,DME,,,,,2026-01-09 14:52:39.585,2026-01-09 14:52:39.585,"2004",ILS,DME,ILS ( GP - DME ),CBA,"46 X",-33.09216,-64.26934,FERNAU 2020,true,SAOC,TRC
355,RIO CUARTO,DME,,,,,2026-01-09 14:52:39.798,2026-01-09 14:52:39.798,"1985",VOR,DME,VOR/DME,CBA,"89 X",-33.09216,-64.26934,WILCOX 596-B,true,SAOC,TRC
356,RIO CUARTO,ILS,,,,,2026-01-09 14:52:40.099,2026-01-09 14:52:40.099,"2004",ILS,GP,ILS ( GP - DME ),CBA,"110.9 Mhz",-33.09216,-64.26934,NORMARC 7000,true,SAOC,TRC
357,RIO CUARTO,VOR / DVOR,,,,,2026-01-09 14:52:40.332,2026-01-09 14:52:40.332,"1985",DME,VOR,VOR/DME,CBA,"114.2 Mhz",-33.09216,-64.26934,WILCOX 585-B,true,SAOC,TRC
358,RIO GALLEGOS,VOR / DVOR,,,,,2026-01-09 14:52:40.609,2026-01-09 14:52:40.609,"1992",DME,VOR,VOR/DME,CRV,"116.7 Mhz",-51.60881,-69.31217,SEL 4000,true,SAWG,GAL
359,RIO GALLEGOS,DME,,,,,2026-01-09 14:52:40.920,2026-01-09 14:52:40.920,"2001",ILS,DME,ILS ( GP - DME ),CRV,"40 X",-51.60881,-69.31217,FERNAU 2020,true,SAWG,GAL
360,RIO GALLEGOS,DME,,,,,2026-01-09 14:52:41.236,2026-01-09 14:52:41.236,"2008",VOR,DME,VOR/DME,CRV,"114 X",-51.60881,-69.31217,SELEX 1119A,true,SAWG,GAL
361,RIO GALLEGOS,LI / LO / NDB,,,,,2026-01-09 14:52:41.632,2026-01-09 14:52:41.632,"2001",G,LI,LI,CRV,"255 Khz",-51.60881,-69.31217,FERNAU 2060,false,SAWG,GAL
362,RIO GALLEGOS,ILS,,,,,2026-01-09 14:52:41.884,2026-01-09 14:52:41.884,"2001",ILS,GP,ILS ( GP - DME ),CRV,"110.3 Mhz",-51.60881,-69.31217,NORMARC 7000,true,SAWG,GAL
363,RIO GRANDE,DME,,,,,2026-01-09 14:52:42.141,2026-01-09 14:52:42.141,"2017",ILS,DME,ILS ( GP - DME ),CRV,"32 X",-53.7776,-67.74952,INDRA LDB - 103,true,SAWE,GRA
364,RIO GRANDE,DME,,,,,2026-01-09 14:52:42.454,2026-01-09 14:52:42.454,"2006",VOR,DME,VOR/DME,CRV,"120 X",-53.7776,-67.74952,WILCOX 596-B,true,SAWE,GRA
365,RIO GRANDE,ILS,,,,,2026-01-09 14:52:42.757,2026-01-09 14:52:42.757,"2017",ILS,GP,ILS ( GP - DME ),CRV,"109.5 Mhz",-53.7776,-67.74952,NORMARC 7000,true,SAWE,GRA
366,RIO GRANDE,VOR / DVOR,,,,,2026-01-09 14:52:43.048,2026-01-09 14:52:43.048,"2016",DME,VOR,VOR/DME,CRV,"117.3 Mhz",-53.7776,-67.74952,WILCOX 585-B,true,SAWE,GRA
367,ROSARIO,VOR / DVOR,,,,,2026-01-09 14:52:43.372,2026-01-09 14:52:43.372,"2005",DME,VOR,VOR/DME,EZE,"117.3 Mhz",-32.90361111,-60.78444444,SEL 4000,true,SAAR,ROS
368,ROSARIO,DME,,,,,2026-01-09 14:52:43.783,2026-01-09 14:52:43.783,"2002",ILS,DME,ILS ( GP - DME ),EZE,"36 X",-32.90361111,-60.78444444,FERNAU 2020,true,SAAR,ROS
369,ROSARIO,DME,,,,,2026-01-09 14:52:43.994,2026-01-09 14:52:43.994,"2005",VOR,DME,VOR/DME,EZE,"120 X",-32.90361111,-60.78444444,WILCOX 596-B,true,SAAR,ROS
370,ROSARIO,LI / LO / NDB,,,,,2026-01-09 14:52:44.296,2026-01-09 14:52:44.296,"2002",F,LI,LI,EZE,"305 Khz",-32.90361111,-60.78444444,FERNAU 2060,false,SAAR,ROS
371,ROSARIO,ILS,,,,,2026-01-09 14:52:44.616,2026-01-09 14:52:44.616,"2002",ILS,GP,ILS ( GP - DME ),EZE,"109.9 Mhz",-32.90361111,-60.78444444,NORMARC 7000,true,SAAR,ROS
372,SALTA,VOR / DVOR,,,,,2026-01-09 14:52:44.909,2026-01-09 14:52:44.909,"1992",DME,VOR,VOR/DME,CBA,"116.7 Mhz",-24.85972222,-65.48694444,SEL 4000,true,SASA,SAL
373,SALTA,DME,,,,,2026-01-09 14:52:45.120,2026-01-09 14:52:45.120,"2013",ILS,DME,ILS ( GP - DME ),CBA,"40 X",-24.85972222,-65.48694444,FERNAU 2020,true,SASA,SAL
374,SALTA,DME,,,,,2026-01-09 14:52:45.390,2026-01-09 14:52:45.390,"2008",VOR,DME,VOR/DME,CBA,"114 X",-24.85972222,-65.48694444,SELEX 1119A,true,SASA,SAL
375,SALTA,LI / LO / NDB,,,,,2026-01-09 14:52:45.631,2026-01-09 14:52:45.631,"2007",L,LI,LI,CBA,"305 Khz",-24.85972222,-65.48694444,NAUTEL ND500,false,SASA,SAL
376,SALTA,ILS,,,,,2026-01-09 14:52:45.845,2026-01-09 14:52:45.845,"2013",ILS,GP,ILS ( GP - DME ),CBA,"110.3 Mhz",-24.85972222,-65.48694444,NORMARC 7000,true,SASA,SAL
377,SAN ANTONIO DE ARECO,VOR / DVOR,,,,,2026-01-09 14:52:46.088,2026-01-09 14:52:46.088,"1991",DME,VOR,VOR/DME,EZE,"117.7 Mhz",-34.2198,-59.43911,SEL 4000,true,SAAA,SNT
378,SAN ANTONIO DE ARECO,DME,,,,,2026-01-09 14:52:46.448,2026-01-09 14:52:46.448,"1998",VOR,DME,VOR/DME,EZE,"124 X",-34.2198,-59.43911,ALCATEL FSD-45,true,SAAA,SNT
379,SAN FERNANDO,VOR / DVOR,,,,,2026-01-09 14:52:46.750,2026-01-09 14:52:46.750,"2021",DME,VOR,VOR/DME,EZE,"114.4 Mhz",-34.45454,-58.59091,SELEX 1150A,true,SADF,FDO
380,SAN FERNANDO,DME,,,,,2026-01-09 14:52:47.174,2026-01-09 14:52:47.174,"2021",VOR,DME,VOR/DME,EZE,"91 X",-34.45454,-58.59091,SELEX 1119A,true,SADF,FDO
381,SAN FERNANDO,DME,,,,,2026-01-09 14:52:47.468,2026-01-09 14:52:47.468,"2015",ILS,DME,ILS ( GP - DME ),EZE,"28 X",-34.45454,-58.59091,SELEX 1118A,true,SADF,FDO
382,SAN FERNANDO,ILS,,,,,2026-01-09 14:52:47.777,2026-01-09 14:52:47.777,"2015",ILS,GP,ILS ( GP - DME ),EZE,"109.1 Mhz",-34.45454,-58.59091,SELEX 2100,true,SADF,FDO
383,SAN JUAN,VOR / DVOR,,,,,2026-01-09 14:52:47.987,2026-01-09 14:52:47.987,"2020",DME,VOR,VOR/DME,DOZ,"113.1 Mhz",-31.57138889,-68.41833333,SELEX 1150A,true,SANU,JUA
384,SAN JUAN,DME,,,,,2026-01-09 14:52:48.253,2026-01-09 14:52:48.253,"2020",VOR,DME,VOR/DME,DOZ,"78 X",-31.57138889,-68.41833333,SELEX 1119A,true,SANU,JUA
385,SAN JUAN,DME,,,,,2026-01-09 14:52:48.490,2026-01-09 14:52:48.490,"2015",ILS,DME,ILS ( GP - DME ),DOZ,"40 X",-31.57138889,-68.41833333,INDRA LDB - 103,true,SANU,JUA
386,SAN JUAN,ILS,,,,,2026-01-09 14:52:48.805,2026-01-09 14:52:48.805,"2015",ILS,GP,ILS ( GP - DME ),DOZ,"110.3 Mhz",-31.57138889,-68.41833333,NORMARC 7000,true,SANU,JUA
387,SAN JULIAN,DME,,,,,2026-01-09 14:52:49.107,2026-01-09 14:52:49.107,"2005",VOR,DME,VOR/DME,CRV,"124 X",-49.30671,-67.80282,THALES 435,true,SAWJ,SJU
388,SAN JULIAN,VOR / DVOR,,,,,2026-01-09 14:52:49.417,2026-01-09 14:52:49.417,"2005",DME,VOR,VOR/DME,CRV,"117.7 Mhz",-49.30671,-67.80282,THALES 431,true,SAWJ,SJU
389,SAN LUIS,VOR / DVOR,,,,,2026-01-09 14:52:49.725,2026-01-09 14:52:49.725,"2019",DME,VOR,VOR/DME,DOZ,"116.0 Mhz",-33.27222222,-66.35666667,SELEX 1150A,true,SAOU,UIS
390,SAN LUIS,DME,,,,,2026-01-09 14:52:49.983,2026-01-09 14:52:49.983,"2019",VOR,DME,VOR/DME,DOZ,"107 X",-33.27222222,-66.35666667,SELEX 1119A,true,SAOU,UIS
391,SAN RAFAEL,DME,,,,,2026-01-09 14:52:50.250,2026-01-09 14:52:50.250,"2009",VOR,DME,VOR/DME,DOZ,"116 X",-34.58781667,-68.40358889,WILCOX 596-B,true,SAMR,SRA
392,SAN RAFAEL,VOR / DVOR,,,,,2026-01-09 14:52:50.471,2026-01-09 14:52:50.471,"1979",DME,VOR,VOR/DME,DOZ,"116.9 Mhz",-34.58781667,-68.40358889,WILCOX 585-B,true,SAMR,SRA
393,SANTA ROSA,VOR / DVOR,,,,,2026-01-09 14:52:50.750,2026-01-09 14:52:50.750,"1999",DME,VOR,VOR/DME,EZE,"112.5 Mhz",-36.58833333,-64.27583333,ALCATEL SN 431,true,SAZR,OSA
394,SANTA ROSA,ILS,,,,,2026-01-09 14:52:50.975,2026-01-09 14:52:50.975,"2021",ILS,GP,ILS ( GP - DME ),EZE,"110.3 Mhz",-36.58833333,-64.27583333,NORMARC 7000,true,SAZR,OSA
395,SANTA ROSA,DME,,,,,2026-01-09 14:52:51.257,2026-01-09 14:52:51.257,"2021",ILS,DME,ILS ( GP - DME ),EZE,"40 X",-36.58833333,-64.27583333,INDRA LDB - 103,true,SAZR,OSA
396,SANTA ROSA,DME,,,,,2026-01-09 14:52:51.467,2026-01-09 14:52:51.467,"1999",VOR,DME,VOR/DME,EZE,"72 X",-36.58833333,-64.27583333,ALCATEL FSD-45,true,SAZR,OSA
397,SANTA ROSA DE C.,VOR / DVOR,,,,,2026-01-09 14:52:51.769,2026-01-09 14:52:51.769,"2001",DME,VOR,VOR/DME,CBA,"117.5 Mhz",-32.38472222,-65.18583333,AIRSYS ALCATEL SN 431,true,SAOS,SRC
398,SANTA ROSA DE C.,DME,,,,,2026-01-09 14:52:52.005,2026-01-09 14:52:52.005,"2001",VOR,DME,VOR/DME,CBA,"112 X",-32.38472222,-65.18583333,AIRSYS  ATM AN435,true,SAOS,SRC
399,SAUCE VIEJO,ILS,,,,,2026-01-09 14:52:52.285,2026-01-09 14:52:52.285,"1992",ILS,GP,ILS ( GP - DME ),EZE,"109.5 Mhz",-31.71083333,-60.81138889,NORMARC 3500,true,SAAV,SVO
400,SAUCE VIEJO,DME,,,,,2026-01-09 14:52:52.591,2026-01-09 14:52:52.591,"2017",ILS,DME,ILS ( GP - DME ),EZE,"32 X",-31.71083333,-60.81138889,INDRA LDB - 103,true,SAAV,SVO
401,VIEDMA,LI / LO / NDB,,,,,2026-01-09 14:52:52.897,2026-01-09 14:52:52.897,"1999",V,LI,LI,CRV,"305 Khz",-40.87027778,-62.99666667,NAUTEL ND 200,true,SAVV,VIE
402,SGO. DEL ESTERO,VOR / DVOR,,,,,2026-01-09 14:52:53.207,2026-01-09 14:52:53.207,"1991",,VOR,VOR,CBA,"114.8 Mhz",-27.76555556,-64.31,SEL 4000,true,SANE,SDE
403,TANDIL,VOR / DVOR,,,,,2026-01-09 14:52:53.511,2026-01-09 14:52:53.511,"2001",DME,VOR,VOR/DME,EZE,"115.9 Mhz",-37.23437778,-59.22858611,AIRSYS SN 431,true,SAZT,DIL
404,TANDIL,DME,,,,,2026-01-09 14:52:53.821,2026-01-09 14:52:53.821,"2001",VOR,DME,VOR/DME,EZE,"106 X",-37.23437778,-59.22858611,AIRSYS SN 435,true,SAZT,DIL
405,TANDIL,ILS,,,,,2026-01-09 14:52:54.039,2026-01-09 14:52:54.039,"1980",ILS,GP,ILS ( GP - DME ),EZE,"109.9 Mhz",-37.23437778,-59.22858611,PHILIPS 7404,true,SAZT,DIL
406,TERMAS DE RIO HONDO,VOR / DVOR,,,,,2026-01-09 14:52:54.330,2026-01-09 14:52:54.330,"2012",DME,VOR,VOR/DME,CBA,"113.7 Mhz",-27.49662,-64.93596,THALES 431,true,SANR,TRH
407,TERMAS DE RIO HONDO,DME,,,,,2026-01-09 14:52:54.642,2026-01-09 14:52:54.642,"2012",VOR,DME,VOR/DME,CBA,"84 X",-27.49662,-64.93596,THALES 435,true,SANR,TRH
408,TERMAS DE RIO HONDO,DME,,,,,2026-01-09 14:52:54.949,2026-01-09 14:52:54.949,"2017",ILS,DME,ILS ( GP - DME ),CBA,"24 X",-27.49662,-64.93596,THALES 415,true,SANR,TRH
409,TERMAS DE RIO HONDO,ILS,,,,,2026-01-09 14:52:55.265,2026-01-09 14:52:55.265,"2017",ILS,GP,ILS ( GP - DME ),CBA,"108.7 Mhz",-27.49662,-64.93596,THALES 420,true,SANR,TRH
410,TRELEW,VOR / DVOR,,,,,2026-01-09 14:52:55.561,2026-01-09 14:52:55.561,"1992",DME,VOR,VOR/DME,CRV,"115.1 Mhz",-43.21055556,-65.27027778,SEL 4000,true,SAVT,TRE
411,TRELEW,ILS,,,,,2026-01-09 14:52:55.808,2026-01-09 14:52:55.808,"2015",ILS,GP,ILS ( GP - DME ),CRV,"109.5 Mhz",-43.21055556,-65.27027778,NORMARC 7000,true,SAVT,TRE
412,TRELEW,DME,,,,,2026-01-09 14:52:56.187,2026-01-09 14:52:56.187,"2022",VOR,DME,VOR/DME,CRV,"98 X",-43.21055556,-65.27027778,THALES  ATM 435,true,SAVT,TRE
413,TRELEW,DME,,,,,2026-01-09 14:52:56.512,2026-01-09 14:52:56.512,"2015",ILS,DME,ILS ( GP - DME ),CRV,"32 X",-43.21055556,-65.27027778,INDRA LDB - 103,true,SAVT,TRE
414,TUCUMAN,VOR / DVOR,,,,,2026-01-09 14:52:56.791,2026-01-09 14:52:56.791,"2019",DME,VOR,VOR/DME,CBA,"114.1 Mhz",-26.84083333,-65.10472222,SELEX 1150A,true,SANT,TUC
415,TUCUMAN,ILS,,,,,2026-01-09 14:52:57.092,2026-01-09 14:52:57.092,"2019",ILS,GP,ILS ( GP - DME ),CBA,"109.9 Mhz",-26.84083333,-65.10472222,NORMARC 7000,true,SANT,TUC
416,TUCUMAN,DME,,,,,2026-01-09 14:52:57.416,2026-01-09 14:52:57.416,"2019",ILS,DME,ILS ( GP - DME ),CBA,"36 X",-26.84083333,-65.10472222,INDRA LDB - 103,true,SANT,TUC
417,TUCUMAN,DME,,,,,2026-01-09 14:52:57.712,2026-01-09 14:52:57.712,"2019",VOR,DME,VOR/DME,CBA,"88 X",-26.84083333,-65.10472222,SELEX 1119A,true,SANT,TUC
418,USHUAIA,ILS,,,,,2026-01-09 14:52:58.024,2026-01-09 14:52:58.024,"2022",ILS,GP,ILS ( GP - DME ),CRV,"111.3 Mhz",-54.84333333,-68.29555556,NORMARC 7000,true,SAWH,USU
419,USHUAIA,VOR / DVOR,,,,,2026-01-09 14:52:58.324,2026-01-09 14:52:58.324,"1995",,DVOR,DVOR,CRV,"113.7 Mhz",-54.84333333,-68.29555556,SEL 4000,true,SAWH,USU
420,USHUAIA,DME,,,,,2026-01-09 14:52:58.590,2026-01-09 14:52:58.590,"2022",ILS,DME,ILS ( GP - DME ),CRV,"50 X",-54.84333333,-68.29555556,INDRA LDB - 103,true,SAWH,USU
421,VIEDMA,VOR / DVOR,,,,,2026-01-09 14:52:58.948,2026-01-09 14:52:58.948,"1993",,VOR,VOR,CRV,"117.1 Mhz",-40.87027778,-62.99666667,SEL 4000,true,SAVV,VIE
422,SAUCE VIEJO,LI / LO / NDB,,,,,2026-01-09 14:52:59.351,2026-01-09 14:52:59.351,"1999",SVO,NDB,NDB,EZE,"405 Khz",-31.71083333,-60.81138889,NAUTEL ND 2000A,true,SAAV,SVO
423,VILLA REYNOLDS,VOR / DVOR,,,,,2026-01-09 14:52:59.759,2026-01-09 14:52:59.759,"1997",DME,VOR,VOR/DME,DOZ,"115.7 Mhz",-33.73178,-65.37579,ALCATEL SN 431,true,SAOR,RYD
424,VILLA REYNOLDS,ILS,,,,,2026-01-09 14:53:00.171,2026-01-09 14:53:00.171,"1984",ILS,GP,ILS ( GP - DME ),DOZ,"109.5 Mhz",-33.73178,-65.37579,PHILIPS 7404,true,SAOR,RYD
425,VILLA REYNOLDS,DME,,,,,2026-01-09 14:53:00.424,2026-01-09 14:53:00.424,"1997",ILS,DME,ILS ( GP - DME ),DOZ,"32 X",-33.73178,-65.37579,WILCOX 596-B,true,SAOR,RYD
426,VILLA REYNOLDS,DME,,,,,2026-01-09 14:53:00.662,2026-01-09 14:53:00.662,"1997",VOR,DME,VOR/DME,DOZ,"104 X",-33.73178,-65.37579,ALCATEL FSD-45,true,SAOR,RYD
427,VILLA REYNOLDS,ILS,,,,,2026-01-09 14:53:00.994,2026-01-09 14:53:00.994,"1984",ILS,LOC,ILS ( LOC ),DOZ,"109.5 Mhz",-33.73178,-65.37579,PHILIPS 7404,true,SAOR,RYD
428,USHUAIA,ILS,,,,,2026-01-09 14:53:01.296,2026-01-09 14:53:01.296,"2022",ILS,LOC,ILS ( LOC ),CRV,"111.3 Mhz",-54.84333333,-68.29555556,NORMARC 7000,true,SAWH,USU
429,AEROPARQUE,ILS,,,,,2026-01-09 14:53:01.610,2026-01-09 14:53:01.610,"2021",ILS,LOC,ILS ( LOC ),EZE,"109.5 Mhz",-34.55888889,-58.41638889,NORMARC 7000,true,SABE,AER
430,BAHIA BLANCA,ILS,,,,,2026-01-09 14:53:01.913,2026-01-09 14:53:01.913,"2016",ILS,LOC,ILS ( LOC ),EZE,"109.7 Mhz",-38.7275,-62.15333333,NORMARC 7000,true,SAZB,BCA
431,BARILOCHE,ILS,,,,,2026-01-09 14:53:02.217,2026-01-09 14:53:02.217,"2022",ILS,LOC,ILS ( LOC ),EZE,"109.5 Mhz",-41.15111111,-71.15777778,NORMARC 7000,true,SAZS,BAR
432,COM. RIVADAVIA,ILS,,,,,2026-01-09 14:53:02.532,2026-01-09 14:53:02.532,"2004",ILS,LOC,ILS ( LOC ),CRV,"110.3 Mhz",-45.78527778,-67.46555556,NORMARC 7000,true,SAVC,CRV
433,CORDOBA,ILS,,,,,2026-01-09 14:53:02.755,2026-01-09 14:53:02.755,"2021",ILS,LOC,ILS ( LOC ),CBA,"110.3 Mhz",-31.31,-64.20833333,NORMARC 7000,true,SACO,CBA
434,CORRIENTES,ILS,,,,,2026-01-09 14:53:03.039,2026-01-09 14:53:03.039,"2021",ILS,LOC,ILS ( LOC ),SIS,"109.7 Mhz",-27.44555556,-58.76194444,NORMARC 7000,true,SARC,CRR
435,EL CALAFATE,ILS,,,,,2026-01-09 14:53:03.312,2026-01-09 14:53:03.312,"2013",ILS,LOC,ILS ( LOC ),CRV,"108.9 Mhz",-50.28,-72.05305556,SELEX 2100,true,SAWC,ECA
436,ESC. DE AVIACION,ILS,,,,,2026-01-09 14:53:03.548,2026-01-09 14:53:03.548,"2009",ILS,LOC,ILS ( LOC ),,"108.7 Mhz",,,NORMARC 3500,true,,EAM
437,ESQUEL,ILS,,,,,2026-01-09 14:53:03.852,2026-01-09 14:53:03.852,"2022",ILS,LOC,ILS ( LOC ),CRV,"109.7 Mhz",-42.90381,-71.13554,NORMARC 7000,true,SAVE,ESQ
438,EZEIZA,ILS,,,,,2026-01-09 14:53:04.164,2026-01-09 14:53:04.164,"1997",ILS,LOC,ILS ( LOC ) 11,EZE,"110.1 Mhz",-34.82222222,-58.53583333,NORMARC 7000,true,SAEZ,EZE
439,EZEIZA,ILS,,,,,2026-01-09 14:53:04.568,2026-01-09 14:53:04.568,"2006",ILS,LOC,ILS ( LOC ) 17,EZE,"108.7 Mhz",-34.82222222,-58.53583333,NORMARC 7000,true,SAEZ,EZE
440,FORMOSA,ILS,,,,,2026-01-09 14:53:04.809,2026-01-09 14:53:04.809,"1997",ILS,LOC,ILS ( LOC ),SIS,"110.9 Mhz",-26.21277778,-58.22805556,NORMARC 3500,true,SARF,FSA
441,IGUAZU,ILS,,,,,2026-01-09 14:53:05.083,2026-01-09 14:53:05.083,"2001",ILS,LOC,ILS ( LOC ),SIS,"110.9 Mhz",-25.73722,-54.47354,NORMARC 7000,true,SARI,IGU
442,JUJUY,ILS,,,,,2026-01-09 14:53:05.301,2026-01-09 14:53:05.301,"2015",ILS,LOC,ILS ( LOC ),CBA,"110.1 Mhz",-24.3925,-65.09777778,NORMARC 7000,true,SASJ,JUJ
443,LA RIOJA,ILS,,,,,2026-01-09 14:53:05.527,2026-01-09 14:53:05.527,"1995",ILS,LOC,ILS ( LOC ),CBA,"110.1 Mhz",-29.38055556,-66.79583333,NORMARC 3500,true,SANL,LAR
444,MAR DEL PLATA,ILS,,,,,2026-01-09 14:53:05.908,2026-01-09 14:53:05.908,"2019",ILS,LOC,ILS ( LOC ),EZE,"109.5 Mhz",-37.93416667,-57.57333333,NORMARC 7000,true,SAZM,MDP
445,MENDOZA,ILS,,,,,2026-01-09 14:53:06.121,2026-01-09 14:53:06.121,"2002",ILS,LOC,ILS ( LOC ),DOZ,"109.9 Mhz",-32.83166667,-68.79277778,NORMARC 7000,true,SAME,DOZ
446,NEUQUEN,ILS,,,,,2026-01-09 14:53:06.334,2026-01-09 14:53:06.334,"2018",ILS,LOC,ILS ( LOC ),EZE,"110.3 Mhz",-38.94888889,-68.15583333,NORMARC 7000,true,SAZN,NEU
447,PALOMAR,ILS,,,,,2026-01-09 14:53:06.621,2026-01-09 14:53:06.621,"2019",ILS,LOC,ILS ( LOC ),EZE,"110.5 Mhz",-34.61,-58.6125,NORMARC 7000,true,SADP,PAL
448,PARANA,ILS,,,,,2026-01-09 14:53:06.919,2026-01-09 14:53:06.919,"2001",ILS,LOC,ILS ( LOC ),EZE,"110.3 Mhz",-31.79472222,-60.48027778,NORMARC 7000,true,SAAP,PAR
449,POSADAS,ILS,,,,,2026-01-09 14:53:07.231,2026-01-09 14:53:07.231,"2021",ILS,LOC,ILS ( LOC ),SIS,"109.9 Mhz",-27.38573,-55.97049,NORMARC 7000,true,SARP,POS
450,RESISTENCIA,ILS,,,,,2026-01-09 14:53:07.448,2026-01-09 14:53:07.448,"2021",ILS,LOC,ILS ( LOC ),SIS,"110.3 Mhz",-27.45,-59.05611111,NORMARC 7000,true,SARE,SIS
451,RIO CUARTO,ILS,,,,,2026-01-09 14:53:07.754,2026-01-09 14:53:07.754,"2004",ILS,LOC,ILS ( LOC ),CBA,"110.9 Mhz",-33.09216,-64.26934,NORMARC 7000,true,SAOC,TRC
452,RIO GALLEGOS,ILS,,,,,2026-01-09 14:53:08.055,2026-01-09 14:53:08.055,"2001",ILS,LOC,ILS ( LOC ),CRV,"110.3 Mhz",-51.60881,-69.31217,NORMARC 7000,true,SAWG,GAL
453,RIO GRANDE,ILS,,,,,2026-01-09 14:53:08.362,2026-01-09 14:53:08.362,"2017",ILS,LOC,ILS ( LOC ),CRV,"109.5 Mhz",-53.7776,-67.74952,NORMARC 7000,true,SAWE,GRA
454,ROSARIO,ILS,,,,,2026-01-09 14:53:08.673,2026-01-09 14:53:08.673,"2002",ILS,LOC,ILS ( LOC ),EZE,"109.9 Mhz",-32.90361111,-60.78444444,NORMARC 7000,true,SAAR,ROS
455,SALTA,ILS,,,,,2026-01-09 14:53:09.006,2026-01-09 14:53:09.006,"2013",ILS,LOC,ILS ( LOC ),CBA,"110.3 Mhz",-24.85972222,-65.48694444,NORMARC 7000,true,SASA,SAL
456,SAN FERNANDO,ILS,,,,,2026-01-09 14:53:09.297,2026-01-09 14:53:09.297,"2015",ILS,LOC,ILS ( LOC ),EZE,"109.1 Mhz",-34.45454,-58.59091,SELEX 2100,true,SADF,FDO
457,SAN JUAN,ILS,,,,,2026-01-09 14:53:09.587,2026-01-09 14:53:09.587,"2015",ILS,LOC,ILS ( LOC ),DOZ,"110.3 Mhz",-31.57138889,-68.41833333,NORMARC 7000,true,SANU,JUA
458,SANTA ROSA,ILS,,,,,2026-01-09 14:53:10.112,2026-01-09 14:53:10.112,"2021",ILS,LOC,ILS ( LOC ),EZE,"110.3 Mhz",-36.58833333,-64.27583333,NORMARC 7000,true,SAZR,OSA
459,SAUCE VIEJO,ILS,,,,,2026-01-09 14:53:10.326,2026-01-09 14:53:10.326,"1992",ILS,LOC,ILS ( LOC ),EZE,"109.5 Mhz",-31.71083333,-60.81138889,NORMARC 3500,true,SAAV,SVO
460,TANDIL,ILS,,,,,2026-01-09 14:53:10.618,2026-01-09 14:53:10.618,"1980",ILS,LOC,ILS ( LOC ),EZE,"109.9 Mhz",-37.23437778,-59.22858611,PHILIPS 7404,true,SAZT,DIL
461,TERMAS DE RIO HONDO,ILS,,,,,2026-01-09 14:53:10.851,2026-01-09 14:53:10.851,"2017",ILS,LOC,ILS ( LOC ),CBA,"108.7 Mhz",-27.49662,-64.93596,THALES 420,true,SANR,TRH
462,TRELEW,ILS,,,,,2026-01-09 14:53:11.086,2026-01-09 14:53:11.086,"2015",ILS,LOC,ILS ( LOC ),CRV,"109.5 Mhz",-43.21055556,-65.27027778,NORMARC 7000,true,SAVT,TRE
463,TUCUMAN,ILS,,,,,2026-01-09 14:53:11.330,2026-01-09 14:53:11.330,"2019",ILS,LOC,ILS ( LOC ),CBA,"109.9 Mhz",-26.84083333,-65.10472222,NORMARC 7000,true,SANT,TUC
464,PRESIDENTE ROQUE SAENZ PEÑA,LI / LO / NDB,,,,,2026-01-09 14:53:11.541,2026-01-09 14:53:11.541,"1990",PSP,NDB,NDB,SIS,"205 Khz",-26.78309,-60.48741,TECTRON SENA TSB 50,false,,PSV
465,JUNIN,LI / LO / NDB,,,,,2026-01-09 14:53:11.842,2026-01-09 14:53:11.842,,,NDB,NDB,EZE,,-34.54589,-60.93051,STANDART ELECTRIC TG16,false,SAAJ,NIN
466,RIO GRANDE,LI / LO / NDB,,,,,2026-01-09 14:53:12.064,2026-01-09 14:53:12.064,"1983",,LI,LI,CRV,"265 KHZ",-53.7776,-67.74952,WILCOX 785-E,true,SAWE,GRA
467,CHAPELCO,LI / LO / NDB,,,,,2026-01-09 14:53:12.357,2026-01-09 14:53:12.357,,CHP,NDB,NDB,EZE,"370 Khz",-40.07527778,-71.13722222,MAURO RB100,true,SAZY,CHP
468,AEROPARQUE,LI / LO / NDB,,,,,2026-01-09 14:53:12.623,2026-01-09 14:53:12.623,"2005",OP,LO,LO,EZE,,-34.55888889,-58.41638889,SAC 100,false,SABE,AER
469,BARILOCHE,LI / LO / NDB,,,,,2026-01-09 14:53:12.863,2026-01-09 14:53:12.863,"1983",,LI,LI,EZE,"305 Khz",-41.15111111,-71.15777778,WILCOX 785-E,false,SAZS,BAR
470,BARILOCHE,LI / LO / NDB,,,,,2026-01-09 14:53:13.180,2026-01-09 14:53:13.180,,,LI,LI,EZE,"305 Khz",-41.15111111,-71.15777778,NAUTEL ND500,false,SAZS,BAR
471,MENDOZA,VOR / DVOR,,,,,2026-01-09 14:53:13.499,2026-01-09 14:53:13.499,"1992",DME,VOR,VOR/DME,DOZ,"114.9 Mhz",-32.83166667,-68.79277778,SEL 4000,false,SAME,DOZ
472,MENDOZA,DME,,,,,2026-01-09 14:53:13.790,2026-01-09 14:53:13.790,"2006",VOR,DME,VOR/DME,DOZ,"96 X",-32.83166667,-68.79277778,THALES 435,false,SAME,DOZ
473,EZEIZA,VOR / DVOR,,,,,2026-01-09 14:53:14.098,2026-01-09 14:53:14.098,"1990",DME,VOR,VOR/DME,EZE,"116.5 Mhz",-34.82222222,-58.53583333,SEL 4000,false,SAEZ,EZE
474,FORMOSA,DME,,,,,2026-01-09 14:53:14.380,2026-01-09 14:53:14.380,"1985",VOR,DME,VOR/DME,SIS,"103 X",-26.21277778,-58.22805556,WILCOX 596-B,false,SARF,FSA
475,FIR EZE,,,,,,2026-01-09 14:53:14.602,2026-01-09 14:53:14.602,,Anexo VIII,Anexo VIII,Anexo VIII,EZE,,-34.82222222,-58.53583333,,false,,FIR EZE
476,FIR CBA,,,,,,2026-01-09 14:53:14.877,2026-01-09 14:53:14.877,,Anexo VIII,Anexo VIII,Anexo VIII,CBA,,-31.31,-64.20833333,,false,,FIR CBA
477,FIR CRV,,,,,,2026-01-09 14:53:15.118,2026-01-09 14:53:15.118,,Anexo VIII,Anexo VIII,Anexo VIII,CRV,,-45.78527778,-67.46555556,,false,,FIR CRV
478,FIR SIS,,,,,,2026-01-09 14:53:15.336,2026-01-09 14:53:15.336,,Anexo VIII,Anexo VIII,Anexo VIII,SIS,,-27.45,-59.05611111,,false,,FIR SIS
479,FIR DOZ,,,,,,2026-01-09 14:53:15.590,2026-01-09 14:53:15.590,,Anexo VIII,Anexo VIII,Anexo VIII,DOZ,,-32.83166667,-68.79277778,,false,,FIR DOZ
480,MORON,,,,,,2026-01-09 14:53:15.840,2026-01-09 14:53:15.840,,,,,EZE,,-34.67916667,-58.64361111,,false,SADM,MOR
481,CONCORDIA,,,,,,2026-01-09 14:53:16.056,2026-01-09 14:53:16.056,,,,,EZE,,-31.29694444,-57.99666667,,false,"SAAC
",DIA
482,PUNTA DE INDIO,VOR / DVOR,,,,,2026-01-09 14:53:16.357,2026-01-09 14:53:16.357,"2024",DME,VOR,VOR/DME,EZE,"114.1 MHz",-35.3455027777778,-57.2751638888889,WILCOX 585-B,false,SAAI,PDI
483,PUNTA DE INDIO,DME,,,,,2026-01-09 14:53:16.650,2026-01-09 14:53:16.650,"2024",VOR,DME,VOR/DME,EZE,"88x",-35.3455027777778,-57.2751638888889,WILCOX 596-B,false,SAAI,PDI
484,AEROPARQUE,LI / LO / NDB,,,,,2026-01-09 14:53:16.962,2026-01-09 14:53:16.962,"2024",N,LI,LI,EZE,"375 Khz",-34.55888889,-58.41638889,SAC 100,false,SABE,AER
485,COM. RIVADAVIA,ILS,,,,,2026-01-09 14:53:17.267,2026-01-09 14:53:17.267,"2004",ILS,MM,ILS (MM),CRV,"75 Mhz",-45.78527778,-67.46555556,PHILIPS 7400,true,SAVC,CRV
486,COM. RIVADAVIA,ILS,,,,,2026-01-09 14:53:17.579,2026-01-09 14:53:17.579,"2004",ILS,OM,ILS (OM),CRV,"75 Mhz",-45.78527778,-67.46555556,PHILIPS 7400,true,SAVC,CRV
487,IGUAZU,ILS,,,,,2026-01-09 14:53:17.878,2026-01-09 14:53:17.878,"2001",ILS,MM,ILS ( MM ),SIS,"75 Mhz",-25.73722,-54.47354,NORMARC 7050D,true,SARI,IGU
488,LABORATORIO,,,,,,2026-01-09 14:53:18.295,2026-01-09 14:53:18.295,,,,,,,,,,false,,LAB
489,ING. ENERGÍA,,,,,,2026-01-09 14:53:18.601,2026-01-09 14:53:18.601,,,,,,,,,,false,,IEL
490,Sin Nombre,,,,,,2026-01-09 14:53:18.908,2026-01-09 14:53:18.908,,,,,,,,,,false,,
